,Team,Expected Games,Player,EPTS,Total Expected Points
0,UConn,5.2129999999999495,Tristen Newton,17.334370160634087,90.36407164738462
56,Purdue,3.6539999999999697,Zach Edey,22.063362219347987,80.61952554949687
30,UNC,4.045999999999906,RJ Davis,18.672665168863087,75.5496032732183
14,Kentucky,4.627999999999955,Antonio Reeves,15.285075969026844,70.73933158465555
73,Creighton,3.1699999999999644,Baylor Scheierman,19.86567747488377,62.97419759538085
1,UConn,5.2129999999999495,Cam Spencer,12.020324828854116,62.6619533328159
15,Kentucky,4.627999999999955,Rob Dillingham,13.262436309219751,61.37855523906841
2,UConn,5.2129999999999495,Alex Karaban,11.27350250977958,58.76876858348037
74,Creighton,3.1699999999999644,Trey Alexander,18.48451353737457,58.59590791347673
31,UNC,4.045999999999906,Armando Bacot,14.282576358803222,57.787303947716495
96,Tennessee,3.0819999999999634,Dalton Knecht,18.533184058462474,57.11927326818067
32,UNC,4.045999999999906,Harrison Ingram,13.582106598563316,54.9532032977859
45,Houston,3.934999999999965,Jamal Shead,13.874932091651084,54.59785778064653
44,Houston,3.934999999999965,LJ Cryer,13.448844220154488,52.92120200630744
16,Kentucky,4.627999999999955,Reed Sheppard,11.347005493653931,52.513941424629884
57,Purdue,3.6539999999999697,Braden Smith,14.090566447073444,51.48692979760594
138,Arizona,2.841999999999968,Caleb Love,18.06171226524005,51.331386257811644
3,UConn,5.2129999999999495,Donovan Clingan,9.836660559831586,51.278511498401556
17,Kentucky,4.627999999999955,Tre Mitchell,10.962909825424386,50.73634667206357
152,Kansas,2.695999999999956,Kevin McCullar,18.66688538015085,50.32592298488587
85,Baylor,3.1039999999999712,Rayj Dennis,15.988745489177743,49.629065998407256
4,UConn,5.2129999999999495,Stephon Castle,9.49309550713404,49.48750687868927
267,Illinois,2.357999999999969,Terrence Shannon,20.93626866681805,49.36772151635632
124,Michigan State,2.9999999999999427,Tyson Walker,16.115575678725836,48.34672703617659
46,Houston,3.934999999999965,Emanuel Sharp,11.900463845023337,46.82832523016641
153,Kansas,2.695999999999956,Hunter Dickinson,17.20863373802203,46.39447655770664
280,Dayton,2.34399999999997,DaRon Holmes II,19.67327433343555,46.114155037572345
84,Baylor,3.1039999999999712,Ja'Kobe Walter,14.797893433021072,45.93266121609698
33,UNC,4.045999999999906,Cormac Ryan,11.26769891045698,45.589109791707884
75,Creighton,3.1699999999999644,Ryan Kalkbrenner,13.928447468138492,44.15317847399852
366,Texas A&M,2.023999999999984,Wade Taylor,21.33623548043684,43.18454061240382
18,Kentucky,4.627999999999955,D.J. Wagner,9.261200645426342,42.86083658703269
58,Purdue,3.6539999999999697,Lance Jones,11.714313462034784,42.804101390274745
179,Duke,2.634999999999968,Kyle Filipowski,15.951299271126045,42.03167357941661
115,Gonzaga,3.005999999999957,Ryan Nembhard,13.890991515001549,41.75632049409406
337,San Diego State,2.123999999999972,Jaedon Ledee,19.511727982320103,41.44291023444735
237,Florida,2.4449999999999648,Walter Clayton,16.803637836784073,41.084894510936465
324,Alabama,2.1829999999999683,Mark Sears,18.807170108537235,41.05605234693619
98,Tennessee,3.0819999999999634,Zakai Zeigler,13.24093400721876,40.80855861024774
166,Iowa State,2.644999999999966,Keshon Gilbert,15.32852921620088,40.543959776850805
225,Washington State,2.5209999999999675,Myles Rice,15.424722031530033,38.88572424148671
192,Auburn,2.617999999999969,Johni Broome,14.536499952770294,38.056556876352175
76,Creighton,3.1699999999999644,Steven Ashworth,11.976763758159892,37.96634111336643
253,Marquette,2.4399999999999675,Tyler Kolek,15.539451396594124,37.916261407689156
268,Illinois,2.357999999999969,Marcus Domask,15.97977674449213,37.680313563511945
378,Texas Tech,2.0189999999999912,Pop Isaacs,18.527014537599776,37.40604235141379
113,Gonzaga,3.005999999999957,Anton Watson,12.424335406625952,37.34755223231708
112,Gonzaga,3.005999999999957,Graham Ike,12.40932945912648,37.30244435413367
114,Gonzaga,3.005999999999957,Nolan Hickman,12.355021944428648,37.13919596495199
224,Washington State,2.5209999999999675,Isaac Jones,14.422497209996337,36.3591154664003
309,Wisconsin,2.323999999999966,AJ Storr,15.2471913555862,35.43447271038181
391,Florida Atlantic,2.008999999999987,Johnell Davis,17.60948997946855,35.377465368752084
139,Arizona,2.841999999999968,Oumar Ballo,12.414203260193936,35.28116566547077
167,Iowa State,2.644999999999966,Tamin Lipsey,13.139007279508338,34.7526742542991
238,Florida,2.4449999999999648,Zyon Pullin,14.158277490704029,34.61698846477085
47,Houston,3.934999999999965,J'Wan Roberts,8.7660065444615,34.4942357524557
86,Baylor,3.1039999999999712,Jalen Bridges,10.86803114125909,33.7343686624679
125,Michigan State,2.9999999999999427,Malik Hall,11.15777254788482,33.47331764365382
209,BYU,2.561999999999968,Jaxson Robinson,13.055642047699038,33.448554926204515
59,Purdue,3.6539999999999697,Fletcher Loyer,9.14904288151514,33.430602689056045
367,Texas A&M,2.023999999999984,Tyrece Radford,16.4709903101823,33.337284387808715
296,Saint Mary's,2.340999999999964,Aidan Mahaney,14.0970674270404,33.001234846701074
97,Tennessee,3.0819999999999634,Jonas Aidoo,10.614248067214303,32.7131125431541
126,Michigan State,2.9999999999999427,A.J. Hoggard,10.882280333248248,32.64684099974412
180,Duke,2.634999999999968,Jared McCain,12.32168488639109,32.46763967564012
252,Marquette,2.4399999999999675,Kameron Jones,13.277064944229984,32.39603846392073
140,Arizona,2.841999999999968,Pelle Larsson,11.38365717408452,32.35235368874785
405,Clemson,1.978999999999974,PJ Hall,16.259662635373722,32.17787235540417
34,UNC,4.045999999999906,Elliot Cadeau,7.940058405968995,32.12547631054981
239,Florida,2.4449999999999648,Tyrese Samuel,12.832882655510792,31.376398092723434
254,Marquette,2.4399999999999675,Oso Ighodaro,12.625383354278728,30.80593538443969
19,Kentucky,4.627999999999955,Justin Edwards,6.656142811321822,30.804628930797094
181,Duke,2.634999999999968,Jeremy Roach,11.655373517517743,30.711909218658878
154,Kansas,2.695999999999956,KJ Adams,11.38658875981858,30.69824329647039
89,Baylor,3.1039999999999712,Jayden Nunn,9.766032255770098,30.3137641219101
433,Utah State,1.6299999999999777,Great Osobor,18.543822371797607,30.226430466029687
227,Washington State,2.5209999999999675,Andrej Jakimovski,11.946665202765368,30.117542976171105
325,Alabama,2.1829999999999683,Aaron Estrada,13.734334458339696,29.98205212255512
99,Tennessee,3.0819999999999634,Josiah-Jordan James,9.700079147550436,29.89564393275009
297,Saint Mary's,2.340999999999964,Augustas Marciulionis,12.724432751011095,29.787897070116518
141,Arizona,2.841999999999968,Keshad Johnson,10.44354062182249,29.680542447219185
182,Duke,2.634999999999968,Mark Mitchell,11.138218661921428,29.349206174162603
127,Michigan State,2.9999999999999427,Jaden Akins,9.727227853342043,29.181683560025572
352,South Carolina,2.060999999999967,Meechie Johnson,14.112366486608783,29.08558732890024
269,Illinois,2.357999999999969,Coleman Hawkins,12.305702487281431,29.016846465009234
212,BYU,2.561999999999968,Spencer Johnson,11.2605205727645,28.84945370742229
156,Kansas,2.695999999999956,Dajuan Harris,10.622186024951636,28.637413523269146
142,Arizona,2.841999999999968,Kylan Boswell,9.878344752347015,28.074255786169903
406,Clemson,1.978999999999974,Joseph Girard,14.06875524706551,27.842066633942277
281,Dayton,2.34399999999997,Nate Santos,11.876519366884311,27.83856139597647
20,Kentucky,4.627999999999955,Adou Thiero,6.012323839286979,27.825034728219865
183,Duke,2.634999999999968,Tyrese Proctor,10.447871690223142,27.530141903737643
532,Grand Canyon,1.3179999999999803,Tyon Grant-Foster,20.7082476703785,27.293470429558457
88,Baylor,3.1039999999999712,Yves Missi,8.792007975234908,27.290392755128902
446,Texas,1.6019999999999748,Max Abmas,17.020483907165545,27.266815219278772
240,Florida,2.4449999999999648,Will Richard,11.04815582412848,27.012740989993745
87,Baylor,3.1039999999999712,Langston Love,8.661683734030552,26.885866310430583
168,Iowa State,2.644999999999966,Milan Momcilovic,10.139388900681157,26.818683642301313
379,Texas Tech,2.0189999999999912,Joe Toussaint,13.244496079981682,26.7406375854829
393,Florida Atlantic,2.008999999999987,Alijah Martin,13.28925109671148,26.69810545329319
419,Colorado State,1.752999999999972,Isaiah Stevens,15.225075335472877,26.689557063083527
169,Iowa State,2.644999999999966,Curtis Jones,10.084000113957313,26.67218030141675
5,UConn,5.2129999999999495,Hassan Diarra,5.107005866192706,26.62282158046232
226,Washington State,2.5209999999999675,Jaylen Wells,10.50251456853233,26.476839227269664
298,Saint Mary's,2.340999999999964,Mitchell Saxen,11.222705027249702,26.27235246879115
646,Drake,1.1789999999999854,Tucker DeVries,21.929727181423477,25.85514834689796
353,South Carolina,2.060999999999967,B.J. Mack,12.523057145098894,25.810020776048407
255,Marquette,2.4399999999999675,David Joplin,10.543134077483648,25.725247149059758
462,Oregon,1.537999999999972,Jermaine Couisnard,16.7127307941983,25.70417996147652
215,BYU,2.561999999999968,Dallin Hall,9.876859683801875,25.304514509900088
392,Florida Atlantic,2.008999999999987,Vladislav Goldin,12.398398005075313,24.908381592196143
310,Wisconsin,2.323999999999966,Steven Crowl,10.641413372784612,24.730644678351076
407,Clemson,1.978999999999974,Chase Hunter,12.37753653359828,24.495144799990673
546,Morehead State,1.3109999999999795,Riley Minix,18.62916284722317,24.422832492709194
311,Wisconsin,2.323999999999966,Tyler Wahl,10.353715687469096,24.062035257677827
241,Florida,2.4449999999999648,Riley Kugel,9.811185365170768,23.988348217842184
299,Saint Mary's,2.340999999999964,Joshua Jefferson,10.15669330742034,23.776819032670655
491,James Madison,1.3909999999999758,Terrence Edwards,17.071546674958586,23.74652142486698
101,Tennessee,3.0819999999999634,Santiago Vescovi,7.631640244191034,23.520715232596487
193,Auburn,2.617999999999969,Jaylin Williams,8.970653280339052,23.485170287927357
49,Houston,3.934999999999965,Ja'Vier Francis,5.9031954408496095,23.229074059743006
380,Texas Tech,2.0189999999999912,Darrion Williams,11.482054905224448,23.18226885364806
670,South Dakota State,1.171999999999987,Zeke Mayo,19.7452669262462,23.14145283756029
313,Wisconsin,2.323999999999966,Chucky Hepburn,9.933485110381826,23.085419396527026
461,Oregon,1.537999999999972,N'Faly Dante,14.872078691225518,22.87325702710443
575,Colorado,1.2569999999999824,KJ Simpson,18.193554497491952,22.869298003347062
61,Purdue,3.6539999999999697,Trey Kaufman-Renn,6.252761007280299,22.847588720602023
326,Alabama,2.1829999999999683,Grant Nelson,10.423252248919011,22.75395965938987
283,Dayton,2.34399999999997,Kobe Elvis,9.689927887105394,22.713190967374754
421,Colorado State,1.752999999999972,Nique Clifford,12.770056626387644,22.385909266057183
300,Saint Mary's,2.340999999999964,Alex Ducas,9.546248091195782,22.347766781488986
285,Dayton,2.34399999999997,Enoch Cheeks,9.40973259098703,22.05641319327332
506,New Mexico,1.3899999999999797,Jaelen House,15.841093474229456,22.019119929178622
270,Illinois,2.357999999999969,Quincy Guerrier,9.328333019701978,21.996209260456975
48,Houston,3.934999999999965,Damian Dunn,5.587137563613731,21.985386312819838
117,Gonzaga,3.005999999999957,Ben Gregg,7.268773762306359,21.849933929492604
214,BYU,2.561999999999968,Noah Waterman,8.469575002452217,21.69905115628231
211,BYU,2.561999999999968,Trevin Knell,8.440431087886214,21.62438444716421
170,Iowa State,2.644999999999966,Tre King,8.167119367171777,21.602030726169072
558,Duquesne,1.3029999999999788,Jimmy Clark,16.554893117013656,21.571025731468442
327,Alabama,2.1829999999999683,Rylan Griffen,9.865188706023195,21.53570694524832
658,Northwestern,1.1749999999999876,Boo Buie,18.06993455837822,21.232173106094184
519,Nevada,1.33199999999998,Kenan Blackshear,15.924607376306236,21.21157702523959
477,TCU,1.51599999999998,Emanuel Miller,13.971090967588752,21.18017390686427
282,Dayton,2.34399999999997,Koby Brea,8.99769479379892,21.090596596664398
447,Texas,1.6019999999999748,Dylan Disu,13.126963115227248,21.02939491059372
435,Utah State,1.6299999999999777,Darius Brown,12.87743422572137,20.990217787925545
312,Wisconsin,2.323999999999966,Max Klesmit,8.991314947779278,20.895815938638737
155,Kansas,2.695999999999956,Johnny Furphy,7.745832248690792,20.882763742470036
770,Akron,1.0879999999999928,Enrique Freeman,18.8977601078355,20.560762997324886
340,San Diego State,2.123999999999972,Micah Parrish,9.64321084938576,20.482179844095086
557,Duquesne,1.3029999999999788,Dae Dae Grant,15.70851561840963,20.468195850787414
210,BYU,2.561999999999968,Fousseyni Traore,7.962759879084465,20.400590810214144
194,Auburn,2.617999999999969,Chad Baker-Mazara,7.774429315943158,20.353455949138947
547,Morehead State,1.3109999999999795,Jordan Lathon,15.487056358573463,20.303530886089494
518,Nevada,1.33199999999998,Jarod Lucas,15.217319861752896,20.269470055854555
60,Purdue,3.6539999999999697,Mason Gillis,5.545127536476072,20.2618960182834
448,Texas,1.6019999999999748,Tyrese Hunter,12.564290926787432,20.12799406471315
420,Colorado State,1.752999999999972,Joel Scott,11.453141887592926,20.077357728950076
434,Utah State,1.6299999999999777,Ian Martinez,12.317144807759542,20.07694603664778
339,San Diego State,2.123999999999972,Lamont Butler,9.44713501083103,20.065714763004845
355,South Carolina,2.060999999999967,Ta'Lon Cooper,9.68706978545006,19.965050827812256
408,Clemson,1.978999999999974,Ian Schieffelin,10.086969979055649,19.962113588550867
23,Kentucky,4.627999999999955,Ugonna Onyenso,4.248409969190025,19.661641337411243
100,Tennessee,3.0819999999999634,Jordan Gainey,6.351217742335207,19.574453081876875
883,Stetson,1.0079999999999998,Jalen Blackmon,19.382362895135127,19.537421798296204
242,Florida,2.4449999999999648,Alex Condon,7.920871004417378,19.36652960580021
284,Dayton,2.34399999999997,Javon Bennett,8.239765602029099,19.31401057115596
508,New Mexico,1.3899999999999797,Jamal Mashburn,13.788511806378825,19.166031410866285
857,Oakland,1.026999999999998,Trey Townsend,18.56408352599364,19.06531378119543
756,Long Beach State,1.0929999999999924,Marcus Tsohonis,17.31045296736173,18.92032509332624
338,San Diego State,2.123999999999972,Reese Dixon-Waters,8.774204594104345,18.636410557877387
533,Grand Canyon,1.3179999999999803,Rayshon Harrison,14.133684284682124,18.62819588721076
463,Oregon,1.537999999999972,Jackson Shelstad,12.060024263732984,18.54831731762099
659,Northwestern,1.1749999999999876,Brooks Barnhizer,15.767294726523772,18.526571303665236
195,Auburn,2.617999999999969,Denver Jones,7.041202505137119,18.433868158448757
383,Texas Tech,2.0189999999999912,Warren Washington,9.079650041539276,18.33181343386772
382,Texas Tech,2.0189999999999912,Devan Cambridge,9.079613069273009,18.331738786862125
695,Yale,1.1469999999999885,Danny Wolf,15.90779754751014,18.246243786993947
576,Colorado,1.2569999999999824,Tristan Da Silva,14.495512618827403,18.22085936186579
742,McNeese State,1.1009999999999909,Shahada Wells,16.50375039638094,18.170629186415265
21,Kentucky,4.627999999999955,Zvonimir Ivisic,3.923754749021765,18.15913697847255
621,St. Peter's,1.2259999999999809,Latrell Reid,14.766118730010742,18.103261562992888
256,Marquette,2.4399999999999675,Stevie Mitchell,7.412148488705926,18.085642312442218
381,Texas Tech,2.0189999999999912,Chance McMillian,8.93018902388013,18.030051639213905
606,UAB,1.234999999999984,Yaxel Lendeborg,14.584361618060043,18.01168659830392
196,Auburn,2.617999999999969,Aden Holloway,6.871109389571962,17.98856438189918
171,Iowa State,2.644999999999966,Robert Jones,6.800861402872358,17.988278410597154
607,UAB,1.234999999999984,Eric Gaines,14.529619178554269,17.94407968551429
507,New Mexico,1.3899999999999797,Donovan Dent,12.88461603869791,17.909616293789835
50,Houston,3.934999999999965,Terrance Arceneaux,4.508148237186107,17.73956331332717
184,Duke,2.634999999999968,Caleb Foster,6.728994597591756,17.73090076465406
478,TCU,1.51599999999998,Jameer Nelson,11.567496884687008,17.536325277185274
6,UConn,5.2129999999999495,Samson Johnson,3.3458609041958547,17.44197289357282
620,St. Peter's,1.2259999999999809,Corey Washington,14.216435245788317,17.429349611336203
341,San Diego State,2.123999999999972,Darrion Trammell,8.15129417378202,17.313348825112783
871,Wagner,1.0209999999999984,Melvin Council Jr.,16.69198142078295,17.042513030619368
492,James Madison,1.3909999999999758,T.J. Bickerstaff,12.23401224383463,17.017511031173676
394,Florida Atlantic,2.008999999999987,Nick Boyd,8.421475009143853,16.91874329336989
534,Grand Canyon,1.3179999999999803,Gabe McGlothan,12.810529077872417,16.884277324635594
711,Colgate,1.1379999999999877,Braeden Smith,14.788441957700886,16.829246947863428
726,NC State,1.1339999999999886,DJ Horne,14.784972567034645,16.766158891017117
479,TCU,1.51599999999998,Micah Peavy,11.05051586350532,16.752582049073844
229,Washington State,2.5209999999999675,Joseph Yesufu,6.619276038933605,16.687194894151403
828,Mississippi State,1.0369999999999968,Josh Hubbard,15.91065648981769,16.499350779940894
271,Illinois,2.357999999999969,Ty Rodgers,6.934433091075207,16.351393228755125
843,Longwood,1.0349999999999968,Walyn Napper,15.771618317769116,16.323624958890985
771,Akron,1.0879999999999928,Ali Ali,14.940918857993596,16.255719717496923
449,Texas,1.6019999999999748,Dillon Mitchell,10.133051333475876,16.233148236228097
631,Western Kentucky,1.201999999999985,Don McHenry,13.501587176036209,16.22890778559532
354,South Carolina,2.060999999999967,Collin Murray-Boyles,7.862859136406127,16.20535268013277
77,Creighton,3.1699999999999644,Mason Miller,5.086792349261319,16.1251317471582
884,Stetson,1.0079999999999998,Stephan Swenson,15.766114891731494,15.892243810865342
118,Gonzaga,3.005999999999957,Dusty Stromer,5.28538655289783,15.887871978010649
829,Mississippi State,1.0369999999999968,Tolu Smith,15.270250343157167,15.835249605853933
356,South Carolina,2.060999999999967,Myles Stute,7.674962405610215,15.8180975179624
197,Auburn,2.617999999999969,K.D. Johnson,6.038684742277687,15.809276655282797
549,Morehead State,1.3109999999999795,Drew Thelwell,12.044909065519212,15.79087578489544
758,Long Beach State,1.0929999999999924,Aboubacar Traore,14.27322071191688,15.60063023812504
213,BYU,2.561999999999968,Richie Saunders,6.086941582617407,15.594744334665602
35,UNC,4.045999999999906,Seth Trimble,3.852444335787594,15.586989782596243
436,Utah State,1.6299999999999777,Mason Falslev,9.51901216150886,15.515989823259229
493,James Madison,1.3909999999999758,Noah Freidel,11.135557132283324,15.489559971005834
683,Nebraska,1.1639999999999875,Rienk Mast,13.209283622444506,15.37560613652524
682,Nebraska,1.1639999999999875,Brice Williams,13.209059665706436,15.375345450882126
371,Texas A&M,2.023999999999984,Jace Carter,7.567923496792674,15.317477157508252
465,Oregon,1.537999999999972,Jesse Zarzuela,9.928357005112458,15.269813073862682
51,Houston,3.934999999999965,Mylik Wilson,3.856605782519829,15.175743754215391
520,Nevada,1.33199999999998,Nick Davidson,11.302535706998382,15.05497756172162
548,Morehead State,1.3109999999999795,Kalil Thomas,11.334254193555964,14.859207247751636
216,BYU,2.561999999999968,Aly Khalifa,5.77654637923836,14.799511823608492
328,Alabama,2.1829999999999683,Latrell Wrightsell,6.753018846938782,14.741840142867147
228,Washington State,2.5209999999999675,Oscar Cluff,5.831621627280664,14.701518122374365
22,Kentucky,4.627999999999955,Aaron Bradshaw,3.1708316309059827,14.674608787832744
759,Long Beach State,1.0929999999999924,Lassina Traore,13.387478468701078,14.632513966290176
591,College of Charleston,1.2519999999999825,Ante Brzovic,11.64509226146098,14.579655511348944
579,Colorado,1.2569999999999824,Eddie Lampkin,11.505852018412194,14.462855987143925
698,Yale,1.1469999999999885,Bez Mbeng,12.547524175634276,14.39201022945237
859,Oakland,1.026999999999998,Blake Lampman,13.965233452597026,14.342294755817116
143,Arizona,2.841999999999968,Jaden Bradley,5.04315665139544,14.332651203265678
198,Auburn,2.617999999999969,Tre Donaldson,5.445737072054686,14.256939654638998
116,Gonzaga,3.005999999999957,Braden Huff,4.741538772392191,14.253065549810724
509,New Mexico,1.3899999999999797,JT Toppin,10.224023737068356,14.211392994524807
510,New Mexico,1.3899999999999797,Nelly Junior Joseph,10.209534918605844,14.191253536861915
372,Texas A&M,2.023999999999984,Andersson Garcia,7.003115316946814,14.17430540150024
578,Colorado,1.2569999999999824,J'Vonne Hadley,11.249288844490646,14.140356077524544
132,Michigan State,2.9999999999999427,Mady Sissoko,4.686218308268841,14.058654924806254
681,Nebraska,1.1639999999999875,Keisei Tominaga,12.033830132557997,14.007378274297357
647,Drake,1.1789999999999854,Atin Wright,11.866504151287772,13.99060839436811
368,Texas A&M,2.023999999999984,Henry Coleman,6.885390633209212,13.936030641615336
36,UNC,4.045999999999906,Jae'lyn Withers,3.426192387842345,13.862374401209806
396,Florida Atlantic,2.008999999999987,Bryan Greenlee,6.891414984721806,13.844852704306017
243,Florida,2.4449999999999648,Micah Handlogten,5.616630364832149,13.732661242014407
743,McNeese State,1.1009999999999909,Christian Shumate,12.468816104355708,13.728166530895521
783,Samford,1.0789999999999944,Achor Achor,12.637719566092809,13.63609941181407
314,Wisconsin,2.323999999999966,John Blackwell,5.852112230486051,13.600308823649383
858,Oakland,1.026999999999998,Jack Gohlke,13.167797231637014,13.523327756891186
78,Creighton,3.1699999999999644,Francisco Farabello,4.262696143984597,13.51274677643102
632,Western Kentucky,1.201999999999985,Brandon Newman,11.23186162739159,13.500697676124522
672,South Dakota State,1.171999999999987,Charlie Easley,11.510110646187684,13.489849677331817
422,Colorado State,1.752999999999972,Patrick Cartier,7.646191202955141,13.403773178780147
144,Arizona,2.841999999999968,KJ Lewis,4.712021006738915,13.391563701151847
590,College of Charleston,1.2519999999999825,Reyne Smith,10.682344388232377,13.374295174066749
815,Grambling,1.0679999999999945,Tra'michael Moton,12.456487780101568,13.303528949148406
128,Michigan State,2.9999999999999427,Tre Holloman,4.430650466954244,13.291951400862478
660,Northwestern,1.1749999999999876,Ryan Langborg,11.19946037234833,13.159365937509149
369,Texas A&M,2.023999999999984,Solomon Washington,6.486962886355001,13.12961288198242
257,Marquette,2.4399999999999675,Chase Ross,5.327023000323317,12.99793612078872
673,South Dakota State,1.171999999999987,Luke Appel,11.023175570044328,12.91916176809181
482,TCU,1.51599999999998,Avery Anderson,8.509625792334246,12.900592701178548
696,Yale,1.1469999999999885,John Poulakidas,11.202262969500485,12.848995626016926
52,Houston,3.934999999999965,Joseph Tugler,3.262413269435691,12.83759621522933
577,Colorado,1.2569999999999824,Cody Williams,10.21048032537444,12.834573768995492
728,NC State,1.1339999999999886,Jayden Taylor,11.283542343050785,12.795537017019461
608,UAB,1.234999999999984,Efrem Johnson,10.3433196865428,12.773999812880195
648,Drake,1.1789999999999854,Darnell Brodie,10.820025290136094,12.756809817070296
158,Kansas,2.695999999999956,Elmarko Jackson,4.708841548376522,12.695036814422895
7,UConn,5.2129999999999495,Solomon Ball,2.431681319590992,12.676354719027719
875,Wagner,1.0209999999999984,Rahmir Moore,12.271960793702052,12.529671970369774
814,Grambling,1.0679999999999945,Dozier Kintavious,11.724648591417258,12.521924695633567
729,NC State,1.1339999999999886,Casey Morsell,10.99408420851759,12.467291492458822
258,Marquette,2.4399999999999675,Sean Jones,5.104496098601525,12.454970480587557
845,Longwood,1.0349999999999968,Johnathan Massie,11.99596783714543,12.415826711445483
481,TCU,1.51599999999998,Trey Tennyson,8.140914377399897,12.341626196138082
727,NC State,1.1339999999999886,D.J. Burns,10.879285345937042,12.33710958229248
816,Grambling,1.0679999999999945,Antwan Burnett,11.524556168439878,12.308225987893726
757,Long Beach State,1.0929999999999924,Jadon Jones,11.224134695573564,12.26797922226182
671,South Dakota State,1.171999999999987,William Kyle,10.4508099131377,12.24834921819725
661,Northwestern,1.1749999999999876,Ty Berry,10.309656522362298,12.113846413775573
384,Texas Tech,2.0189999999999912,Kerwin Walton,5.975491534782447,12.064517408725708
801,Vermont,1.0699999999999943,TJ Long,11.165341628039004,11.94691554200167
592,College of Charleston,1.2519999999999825,Ben Burnham,9.4795423193726,11.868386983854329
521,Nevada,1.33199999999998,Tre Coleman,8.899435921621473,11.854048647599624
329,Alabama,2.1829999999999683,Nick Pringle,5.397371102790803,11.782461117392153
131,Michigan State,2.9999999999999427,Carson Cooper,3.927045925661055,11.78113777698294
231,Washington State,2.5209999999999675,Kymany Houinsou,4.66205159259288,11.753032064926497
467,Oregon,1.537999999999972,Jadrian Tracey,7.639710180810434,11.749874258086233
437,Utah State,1.6299999999999777,Josh Uduje,7.095661867882026,11.565928844647543
535,Grand Canyon,1.3179999999999803,Collin Moore,8.72936156942246,11.505298548498631
649,Drake,1.1789999999999854,Kevin Overton,9.74440494993902,11.48865343597796
90,Baylor,3.1039999999999712,Josh Ojianwuna,3.678772717555397,11.418910515291845
342,San Diego State,2.123999999999972,Elijah Saunders,5.363253674085954,11.391550803758419
130,Michigan State,2.9999999999999427,Jeremy Fears Jr.,3.793456712927006,11.3803701387808
423,Colorado State,1.752999999999972,Josiah Strong,6.486350447858152,11.370572335095158
844,Longwood,1.0349999999999968,Michael Christmas,10.946982916194534,11.330127318261308
397,Florida Atlantic,2.008999999999987,Jalen Gaffney,5.634899029459996,11.32051215018506
102,Tennessee,3.0819999999999634,Tobe Awaka,3.667375767471927,11.302852115348346
395,Florida Atlantic,2.008999999999987,Brandon Weatherspoon,5.60714243337398,11.264749148648253
439,Utah State,1.6299999999999777,Max Agbonkpolo,6.901212008556724,11.248975573947307
357,South Carolina,2.060999999999967,Zachary Davis,5.4563233106404905,11.245482343229872
802,Vermont,1.0699999999999943,Shamir Bogues,10.398612438220844,11.126515308896245
103,Tennessee,3.0819999999999634,Jahmai Mashack,3.5913862285810567,11.068652356486686
594,College of Charleston,1.2519999999999825,Frankie Policelli,8.814964049391362,11.036334989837831
358,South Carolina,2.060999999999967,Jacobi Wright,5.351052786525918,11.02851979302974
634,Western Kentucky,1.201999999999985,Khristian Lander,9.170815808963448,11.023320602373929
273,Illinois,2.357999999999969,Luke Goode,4.668476162474192,11.008266791114002
684,Nebraska,1.1639999999999875,Juwan Gary,9.455767261898412,11.006513092849634
876,Wagner,1.0209999999999984,Javier Ezquerra,10.772261442010008,10.9984789322922
886,Stetson,1.0079999999999998,Alec Oglesby,10.848587200867623,10.935375898474561
157,Kansas,2.695999999999956,Nicolas Timberlake,4.043253667658921,10.900611888008275
609,UAB,1.234999999999984,Alejandro Vasquez,8.79234630359762,10.858547684942922
494,James Madison,1.3909999999999758,Julien Wooden,7.772112614449376,10.811008646698893
713,Colgate,1.1379999999999877,Ryan Moffatt,9.49885457176439,10.809696502667759
274,Illinois,2.357999999999969,Justin Harmon,4.578547042932192,10.796213927233968
610,UAB,1.234999999999984,Javian Davis,8.730131282815796,10.781712134277369
830,Mississippi State,1.0369999999999968,Cameron Matthews,10.367187473468942,10.750773409987259
230,Washington State,2.5209999999999675,Rueben Chinyelu,4.263606997435624,10.74855324053507
412,Clemson,1.978999999999974,Jack Clark,5.395200694917181,10.67710217524096
697,Yale,1.1469999999999885,Matt Knowling,9.298699264031995,10.665608055844592
784,Samford,1.0789999999999944,A.J. Staton-McCray,9.87320724018076,10.653190612154985
468,Oregon,1.537999999999972,Kwame Evans Jr.,6.921247570785045,10.644878763867206
817,Grambling,1.0679999999999945,Jourdan Smith,9.90595062375607,10.579555266171429
331,Alabama,2.1829999999999683,Jarin Stevenson,4.807620438045353,10.495035416252852
772,Akron,1.0879999999999928,Greg Tribble,9.61118967508721,10.456974366494816
145,Arizona,2.841999999999968,Motiejus Krivas,3.676255122208736,10.44791705731711
370,Texas A&M,2.023999999999984,Manny Obaseki,5.152821102702955,10.429309911870698
480,TCU,1.51599999999998,JaKobe Coles,6.872380731880413,10.418529189530569
550,Morehead State,1.3109999999999795,Eddie Ricks III,7.941000947745104,10.410652242493668
872,Wagner,1.0209999999999984,Tahron Allen,10.166925705352668,10.380431145165057
623,St. Peter's,1.2259999999999809,Roy Clarke,8.454525712972542,10.365248524104175
712,Colgate,1.1379999999999877,Keegan Records,9.086913414063572,10.340907465204232
343,San Diego State,2.123999999999972,Jay Pal,4.861912751622747,10.32670268444658
803,Vermont,1.0699999999999943,Aaron Deloney,9.618087531535084,10.291353658742484
635,Western Kentucky,1.201999999999985,Tyrone Marshall,8.557899443810372,10.28659513145994
873,Wagner,1.0209999999999984,Julian Brown,10.040706638476276,10.251561477884263
200,Auburn,2.617999999999969,Chaney Johnson,3.901424542590268,10.2139294525012
874,Wagner,1.0209999999999984,Zaire Williams,9.994167780732091,10.20404530412745
464,Oregon,1.537999999999972,Nathan Bittle,6.610021104140764,10.16621245816831
536,Grand Canyon,1.3179999999999803,Duke Brennan,7.666616089366368,10.104600005784722
172,Iowa State,2.644999999999966,Hason Ward,3.8170750414154737,10.096163484543798
786,Samford,1.0789999999999944,Jermaine Marshall,9.295356176367996,10.029689314301015
745,McNeese State,1.1009999999999909,Javohn Garcia,9.102148882972244,10.021465920152359
466,Oregon,1.537999999999972,Keeshawn Barthelemy,6.506864141529462,10.007557049672132
424,Colorado State,1.752999999999972,Jalen Lake,5.704092016255538,9.999273304495798
760,Long Beach State,1.0929999999999924,AJ George,9.037543359511778,9.878034891946305
885,Stetson,1.0079999999999998,Aubin Gateretse,9.79592086833073,9.874288235277374
593,College of Charleston,1.2519999999999825,Kobe Rodgers,7.872608997247568,9.856506464553817
8,UConn,5.2129999999999495,Jaylin Stewart,1.8842320635624132,9.822501747350765
787,Samford,1.0789999999999944,Rylan Jones,9.078736581092008,9.795956770998226
37,UNC,4.045999999999906,Jalen Washington,2.381998508559369,9.637565965630984
53,Houston,3.934999999999965,Ramon Walker,2.436952768135399,9.58940914261271
199,Auburn,2.617999999999969,Dylan Cardwell,3.6559614958255935,9.57130719607129
259,Marquette,2.4399999999999675,Ben Gold,3.92172483055409,9.569008586551853
699,Yale,1.1469999999999885,August Mahoney,8.309340627046256,9.530813699221959
495,James Madison,1.3909999999999758,Michael Green,6.743244363058245,9.379852909013856
687,Nebraska,1.1639999999999875,Jamarques Lawrence,7.992453869006792,9.303216303523806
744,McNeese State,1.1009999999999909,DJ Richards,8.388574973123454,9.235821045408846
633,Western Kentucky,1.201999999999985,Rodney Howard,7.585345803508414,9.117585655817
675,South Dakota State,1.171999999999987,Matthew Mims,7.751768354549183,9.085072511531543
398,Florida Atlantic,2.008999999999987,Giancarlo Rosado,4.432773980992925,8.905442927814729
580,Colorado,1.2569999999999824,Julian Hammond,7.034258807269379,8.842063320737486
301,Saint Mary's,2.340999999999964,Luke Barrett,3.772796741429942,8.83211717168736
411,Clemson,1.978999999999974,Alex Hemenway,4.397032156140498,8.701726637001931
746,McNeese State,1.1009999999999909,Antavion Collum,7.879667624072724,8.675514054103997
65,Purdue,3.6539999999999697,Caleb Furst,2.3671272492214253,8.649482968655017
373,Texas A&M,2.023999999999984,Hayden Hefner,4.266581703525569,8.635561367935683
636,Western Kentucky,1.201999999999985,Dontaie Allen,7.179810733249903,8.630132501366276
409,Clemson,1.978999999999974,RJ Godfrey,4.343974501100202,8.596725537677186
686,Nebraska,1.1639999999999875,Josiah Allick,7.36840658879873,8.57682526936163
860,Oakland,1.026999999999998,Chris Conway,8.334776950162487,8.559815927816857
650,Drake,1.1789999999999854,Conor Enright,7.243196187745904,8.539728305352316
773,Akron,1.0879999999999928,Sammy Hunter,7.840108561116559,8.53003811449476
24,Kentucky,4.627999999999955,Jordan Burks,1.8384291060757347,8.508249902918417
622,St. Peter's,1.2259999999999809,Michael Houge,6.9315836516169655,8.498121556882268
833,Mississippi State,1.0369999999999968,D.J. Jeffries,8.189489049285413,8.492500144108947
785,Samford,1.0789999999999944,Jaden Campbell,7.838666564509025,8.457921223105194
805,Vermont,1.0699999999999943,Nick Fiorillo,7.894367949682454,8.44697370616018
674,South Dakota State,1.171999999999987,Kalen Garry,7.198200191844985,8.43629062484223
410,Clemson,1.978999999999974,Chauncey Wiggins,4.240029106065614,8.391017600903739
344,San Diego State,2.123999999999972,Miles Byrd,3.933955375251109,8.355721217033246
63,Purdue,3.6539999999999697,Camden Heide,2.2846196029776022,8.34800002928009
559,Duquesne,1.3029999999999788,David Dixon,6.383120868461612,8.317206491605345
484,TCU,1.51599999999998,Ernest Udeh,5.42849597315134,8.229599895297323
806,Vermont,1.0699999999999943,Ileri Ayo-Faleye,7.677764180191698,8.215207672805073
438,Utah State,1.6299999999999777,Isaac Johnson,5.039840437674701,8.21493991340965
512,New Mexico,1.3899999999999797,Tru Washington,5.884652017066872,8.179666303722833
498,James Madison,1.3909999999999758,Xavier Brown,5.879020067357577,8.177716913694248
119,Gonzaga,3.005999999999957,Luka KrajnoviÄ‡,2.720217273262506,8.176973123426976
469,Oregon,1.537999999999972,Kario Oquendo,5.314837487960582,8.174220056483227
861,Oakland,1.026999999999998,DQ Cole,7.935200738768013,8.149451158714733
560,Duquesne,1.3029999999999788,Fousseyni Drame,6.249455359219997,8.143040333063524
595,College of Charleston,1.2519999999999825,Bryce Butler,6.486579205178318,8.12119716488314
450,Texas,1.6019999999999748,Kadin Shedrick,5.06737834569164,8.11794010979788
10,UConn,5.2129999999999495,Jayden Ross,1.5396333175721122,8.026108484503343
185,Duke,2.634999999999968,Ryan Young,3.0407953974209345,8.012495872204065
330,Alabama,2.1829999999999683,Sam Walters,3.664093509397929,7.998716131015563
662,Northwestern,1.1749999999999876,Nick Martinelli,6.8019614695826425,7.992304726759521
470,Oregon,1.537999999999972,Brennan Rigsby,5.195100676379021,7.990064840270789
452,Texas,1.6019999999999748,Ithiel Horton,4.978163846041448,7.975018481358274
62,Purdue,3.6539999999999697,Myles Colvin,2.179814726106713,7.965043009193863
218,BYU,2.561999999999968,Atiki Ally Atiki,3.10052594519375,7.943547471586288
272,Illinois,2.357999999999969,Dain Dainja,3.3663406108826748,7.937831160461243
244,Florida,2.4449999999999648,Thomas Haugh,3.2454756898645107,7.935188061718614
730,NC State,1.1339999999999886,Mohamed Diarra,6.977768400784827,7.912789366489914
220,BYU,2.561999999999968,Marcus Adams,3.0645064941819857,7.851265638094149
523,Nevada,1.33199999999998,K.J. Hymes,5.893007752264888,7.849486326016713
302,Saint Mary's,2.340999999999964,Mason Forbes,3.331907359223286,7.799995127941593
846,Longwood,1.0349999999999968,Szymon Zapala,7.485646902258013,7.74764454383702
497,James Madison,1.3909999999999758,Raekwon Horton,5.561235679010469,7.735678829503428
104,Tennessee,3.0819999999999634,D.J. Jefferson,2.507217048919358,7.72724294476937
201,Auburn,2.617999999999969,Chris Moore,2.932610396799828,7.677574018821859
637,Western Kentucky,1.201999999999985,Babacar Faye,6.381462860928612,7.670518358836096
133,Michigan State,2.9999999999999427,Coen Carr,2.5536307046115363,7.660892113834462
425,Colorado State,1.752999999999972,Joe Palmer,4.268074606354253,7.481934784938886
511,New Mexico,1.3899999999999797,Mustapha Amzil,5.374659305598617,7.4707764347819685
64,Purdue,3.6539999999999697,Will Berg,2.026843063875209,7.406084555399953
453,Texas,1.6019999999999748,Brock Cunningham,4.6221306238885,7.404653259469261
38,UNC,4.045999999999906,Paxson Wojcik,1.814485297403617,7.341407513294864
627,St. Peter's,1.2259999999999809,Brent Bland,5.978004479454095,7.329033491810606
611,UAB,1.234999999999984,Christian Coleman,5.918089865015001,7.3088409832934325
804,Vermont,1.0699999999999943,Matt Veretto,6.813546257764365,7.290494495807832
626,St. Peter's,1.2259999999999809,Mouhamed Sow,5.903835449310522,7.238102260854587
551,Morehead State,1.3109999999999795,Dieonte Miles,5.482062722840829,7.186984229644215
848,Longwood,1.0349999999999968,D'Avian Houston,6.91671220590016,7.158797133106643
581,Colorado,1.2569999999999824,Luke O'Brien,5.66271927549585,7.118038129298184
9,UConn,5.2129999999999495,Apostolos Roumoglou,1.3630476492163417,7.10556739536472
385,Texas Tech,2.0189999999999912,Robert Jennings,3.504470903345723,7.075526753854985
561,Duquesne,1.3029999999999788,Jake DiMichele,5.417936463670332,7.059571212162329
68,Purdue,3.6539999999999697,Ethan Morton,1.925523889060928,7.035864290628573
624,St. Peter's,1.2259999999999809,Marcus Randolph,5.706746189882762,6.996470828796157
887,Stetson,1.0079999999999998,Josh Smith,6.923036388603073,6.978420679711896
91,Baylor,3.1039999999999712,Dantwan Grimes,2.245431635231713,6.9698197957591725
563,Duquesne,1.3029999999999788,Kareem Rozier,5.3443805399307225,6.963727843529618
638,Western Kentucky,1.201999999999985,Enoch Kalambay,5.787820518732779,6.956960263516715
129,Michigan State,2.9999999999999427,Xavier Booker,2.3092421892625445,6.927726567787501
774,Akron,1.0879999999999928,Nate Johnson,6.317327623556823,6.873252454429777
685,Nebraska,1.1639999999999875,C.J. Wilcher,5.884929768011215,6.850058249964981
217,BYU,2.561999999999968,Dawson Baker,2.6588636265115326,6.812008611122461
807,Vermont,1.0699999999999943,TJ Hurley,6.336508941009394,6.780064566880015
451,Texas,1.6019999999999748,Chendall Weaver,4.216036531127028,6.754090522865392
832,Mississippi State,1.0369999999999968,Dashawn Davis,6.501951042162734,6.7425232307227345
640,Western Kentucky,1.201999999999985,Jalen Jackson,5.609379397564053,6.742474035871909
715,Colgate,1.1379999999999877,Jeff Woodward,5.916599408006515,6.733090126311342
41,UNC,4.045999999999906,Zayden High,1.6474766665914484,6.665690593028845
831,Mississippi State,1.0369999999999968,Shakeel Moore,6.426001513848791,6.663763569861176
775,Akron,1.0879999999999928,Mikal Dawson,6.087580084648865,6.6232871320979205
821,Grambling,1.0679999999999945,Jonathan Aku,6.193146643373367,6.614280615122722
849,Longwood,1.0349999999999968,Jesper Granlund,6.382683706026289,6.606077635737189
716,Colgate,1.1379999999999877,Nicolas Louis-Jacques,5.793451509441893,6.592947817744803
598,College of Charleston,1.2519999999999825,CJ Fulton,5.240914065972025,6.561624410596884
732,NC State,1.1339999999999886,Michael O'Connell,5.783488673130804,6.558476155330266
92,Baylor,3.1039999999999712,Caleb Lohner,2.1110774150706084,6.552784296379108
13,UConn,5.2129999999999495,Youssouf Singare,1.2529956284344494,6.531866211028722
303,Saint Mary's,2.340999999999964,Harry Wessels,2.788518846777571,6.527922620306194
11,UConn,5.2129999999999495,Andrew Hurley,1.2514297969003485,6.523703531241454
219,BYU,2.561999999999968,Trey Stewart,2.5415728455133944,6.511509630205235
862,Oakland,1.026999999999998,Rocket Watts,6.321462686285913,6.4921421788156195
877,Wagner,1.0209999999999984,Keyontae Lewis,6.318773526169368,6.4514677702189145
173,Iowa State,2.644999999999966,Jackson Paveletzke,2.437363959327675,6.446827672421617
524,Nevada,1.33199999999998,Daniel Foster,4.790629860805753,6.381118974593168
80,Creighton,3.1699999999999644,Fredrick King,2.009570609919344,6.370338833444249
625,St. Peter's,1.2259999999999809,Armoni Zeigler,5.150189761489451,6.314132647585969
105,Tennessee,3.0819999999999634,Freddie Dilione,2.048062120737725,6.312127456113593
612,UAB,1.234999999999984,Daniel Ortiz,5.105498183351262,6.305290256438727
819,Grambling,1.0679999999999945,Jalen Johnson,5.887717078094002,6.288081839404361
847,Longwood,1.0349999999999968,Elijah Tucker,6.008639129724255,6.218941499264584
67,Purdue,3.6539999999999697,Sam King,1.6998457756314729,6.21123646415735
747,McNeese State,1.1009999999999909,Nasir Mann,5.639103857817825,6.208653347457374
552,Morehead State,1.3109999999999795,Trent Scott,4.69671892989723,6.157398517095173
714,Colgate,1.1379999999999877,Brady Cummins,5.368954046869595,6.109869705337533
186,Duke,2.634999999999968,Sean Stewart,2.2881631057465066,6.029309783641971
79,Creighton,3.1699999999999644,Isaac Traudt,1.8984064629463748,6.0179484875399405
93,Baylor,3.1039999999999712,Miro Little,1.9378384561376212,6.01505056785112
28,Kentucky,4.627999999999955,Walker Horn,1.2881555072985622,5.961583687777687
134,Michigan State,2.9999999999999427,Jaxon Kohler,1.980450890606783,5.941352671820236
12,UConn,5.2129999999999495,Andre Johnson,1.138803124955227,5.9365806903915415
496,James Madison,1.3909999999999758,Jaylen Carey,4.244547367706487,5.904165388479621
761,Long Beach State,1.0929999999999924,Messiah Thompson,5.39011966875955,5.891400797954148
663,Northwestern,1.1749999999999876,Matthew Nicholson,4.999430239983047,5.874330531980019
120,Gonzaga,3.005999999999957,Jun Seok Yeo,1.9514856572702228,5.8661658857542065
376,Texas A&M,2.023999999999984,Wildens Leveque,2.885082913413525,5.8394078167489285
426,Colorado State,1.752999999999972,Rashaan Mbemba,3.3229558373876564,5.825141582940469
820,Grambling,1.0679999999999945,Mikale Stevenson,5.409168200506404,5.776991638140809
54,Houston,3.934999999999965,Ryan Elvin,1.4584467318543426,5.738987889846787
147,Arizona,2.841999999999968,Filip Borvicanin,2.0192063641803344,5.738584487000446
55,Houston,3.934999999999965,Cedric Lath,1.45610170580277,5.729760212333849
66,Purdue,3.6539999999999697,Brian Waddell,1.555599177626204,5.684159395046102
359,South Carolina,2.060999999999967,Josh Gray,2.73724840129574,5.64146895507043
27,Kentucky,4.627999999999955,Grant Darbyshire,1.2173626195051868,5.633954203069949
94,Baylor,3.1039999999999712,Jonathan Tchamwa Tchatchoua,1.7965352134545285,5.576445302562805
562,Duquesne,1.3029999999999788,Andrei Savrasov,4.271496945709414,5.565760520259276
245,Florida,2.4449999999999648,Denzel Aberdeen,2.269761642739881,5.549567216498929
232,Washington State,2.5209999999999675,Isaiah Watts,2.1917606969236094,5.525428716944348
189,Duke,2.634999999999968,Christian Reeves,2.0967689682102777,5.524986231234014
174,Iowa State,2.644999999999966,Omaha Biliew,2.0869954029695035,5.520102840854265
878,Wagner,1.0209999999999984,Tyje Kelton,5.395576287753438,5.508883389796251
334,Alabama,2.1829999999999683,Mouhamed Dioubate,2.507943743791156,5.474841192696013
107,Tennessee,3.0819999999999634,Cameron Carr,1.7573210146029794,5.416063367006318
748,McNeese State,1.1009999999999909,CJ Felder,4.917515534288747,5.414184603251866
333,Alabama,2.1829999999999683,Mohamed Wague,2.4792440128501134,5.412189680051719
39,UNC,4.045999999999906,Rob Landry,1.329324767759567,5.378448010355084
26,Kentucky,4.627999999999955,Brennan Canada,1.1598878915958162,5.3679611623053844
791,Samford,1.0789999999999944,Josh Holloway,4.967796724693928,5.360252665944721
40,UNC,4.045999999999906,James Okonkwo,1.3228374193562629,5.352200198715315
834,Mississippi State,1.0369999999999968,Jimmy Bell,5.153032555427733,5.3436947599785425
81,Creighton,3.1699999999999644,Jasen Green,1.6821925296498073,5.332550318989829
286,Dayton,2.34399999999997,Isaac Jack,2.270942164060596,5.323088432557969
731,NC State,1.1339999999999886,Ben Middlebrooks,4.691695626304432,5.320382840229172
43,UNC,4.045999999999906,Creighton Lebo,1.3143984828070103,5.31805626143704
863,Oakland,1.026999999999998,Isaiah Jones,5.176653185956364,5.316422821977175
651,Drake,1.1789999999999854,Colby Garland,4.499272759896656,5.304642583918092
25,Kentucky,4.627999999999955,Joey Hart,1.1448809854037598,5.298509200448549
639,Western Kentucky,1.201999999999985,Teagan Moore,4.397303711437698,5.285559061148048
29,Kentucky,4.627999999999955,Kareem Watkins,1.1354467121442011,5.254847383803312
332,Alabama,2.1829999999999683,Davin Cosby Jr.,2.402079433685738,5.24373940373589
483,TCU,1.51599999999998,Chuck O'Bannon,3.416079720944861,5.178776856952341
160,Kansas,2.695999999999956,Jamari McDowell,1.9157717727201424,5.16492069925342
537,Grand Canyon,1.3179999999999803,Lok Wur,3.9153837173636457,5.160475739485208
818,Grambling,1.0679999999999945,Terrence Lewis,4.814692133405106,5.142091198476626
106,Tennessee,3.0819999999999634,J.P. Estrella,1.6555691364071643,5.10246407840682
82,Creighton,3.1699999999999644,Josiah Dotzler,1.6011136646811068,5.0755303170390516
69,Purdue,3.6539999999999697,Carson Barrett,1.3846698419350574,5.059583602430657
315,Wisconsin,2.323999999999966,Connor Essegian,2.175915861137708,5.05682846128396
318,Wisconsin,2.323999999999966,Carter Gilmore,2.1715373725318305,5.0466528537639
188,Duke,2.634999999999968,Jaylen Blakes,1.9129696522629624,5.040675033712844
690,Nebraska,1.1639999999999875,Jarron Coleman,4.329770918278078,5.039853348875629
159,Kansas,2.695999999999956,Parker Braun,1.8691031240120288,5.039102022336348
121,Gonzaga,3.005999999999957,Colby Brooks,1.673835517215473,5.03154956474964
108,Tennessee,3.0819999999999634,Cade Phillips,1.6234839746831895,5.00357760997353
175,Iowa State,2.644999999999966,Demarion Watson,1.883404978462169,4.981606168032372
361,South Carolina,2.060999999999967,Stephen Clark,2.41571487388202,4.978788355070764
613,UAB,1.234999999999984,Tony Toney,4.020608845788034,4.965451924548158
70,Purdue,3.6539999999999697,Chase Martin,1.3575130658668078,4.960352742677275
700,Yale,1.1469999999999885,Nick Townsend,4.313874352173639,4.9480138819431145
414,Clemson,1.978999999999974,Dillon Hunter,2.497334727273311,4.942225425273817
71,Purdue,3.6539999999999697,Josh Furst,1.3513547751588362,4.937850348430347
788,Samford,1.0789999999999944,Garrett Hicks,4.561345666288134,4.9216919739248715
790,Samford,1.0789999999999944,Nathan Johnson,4.5464433291762525,4.905612352181151
146,Arizona,2.841999999999968,Paulius Murauskas,1.7136146096586544,4.870092720649841
565,Duquesne,1.3029999999999788,Tre Williams,3.726670230371624,4.855851310174147
287,Dayton,2.34399999999997,Zimi Nwokeji,2.0678478172290866,4.847035283584917
316,Wisconsin,2.323999999999966,Nolan Winter,2.083681315102502,4.842475376298144
260,Marquette,2.4399999999999675,Tre Norman,1.984470696171185,4.842108498657627
122,Gonzaga,3.005999999999957,Pavle Stosic,1.6104107114438593,4.840894598600172
776,Akron,1.0879999999999928,Shammah Scott,4.44156691951819,4.832424808435759
440,Utah State,1.6299999999999777,Javon Jackson,2.9631121911729768,4.829872871611886
413,Clemson,1.978999999999974,Joshua Beadle,2.4376110732013854,4.824032313865478
387,Texas Tech,2.0189999999999912,Eemeli Yalaho,2.3881384259400487,4.821651481972937
275,Illinois,2.357999999999969,Dra Gibbs-Lawhorn,2.0203673121103574,4.76402612195616
522,Nevada,1.33199999999998,Hunter McIntosh,3.572765093024293,4.7589231039082875
187,Duke,2.634999999999968,TJ Power,1.7984900272460989,4.739021221793412
792,Samford,1.0789999999999944,Dallas Graziani,4.3902991302851495,4.7371327615776515
176,Iowa State,2.644999999999966,Kayden Fish,1.7883349650795926,4.730145982635461
261,Marquette,2.4399999999999675,Zaide Lowery,1.9381376852861456,4.729055952098133
305,Saint Mary's,2.340999999999964,Chris Howell,2.0186823015938264,4.725735268031076
83,Creighton,3.1699999999999644,Johnathan Lawson,1.4865545804138247,4.712378019911771
42,UNC,4.045999999999906,Duwe Farris,1.160752249615402,4.696403601943807
718,Colgate,1.1379999999999877,Jalen Cox,4.078521905645685,4.641357928624739
388,Texas Tech,2.0189999999999912,Lamar Washington,2.2959034008167496,4.635428966248997
513,New Mexico,1.3899999999999797,Jemarl Baker,3.3170064346095223,4.610638944107168
399,Florida Atlantic,2.008999999999987,Tre Carroll,2.2941780406564933,4.609003683678865
277,Illinois,2.357999999999969,Niccolo Moretti,1.9491056125528403,4.595991034399537
375,Texas A&M,2.023999999999984,Bryce Lindsay,2.2667661385335816,4.587934664391933
538,Grand Canyon,1.3179999999999803,Jovan Blacksher,3.462109704745642,4.563060590854688
360,South Carolina,2.060999999999967,Benjamin Bosmans-Verdonk,2.2104819792729327,4.555803359281441
246,Florida,2.4449999999999648,Julian Rishwain,1.855246709837652,4.536078205552994
362,South Carolina,2.060999999999967,Morris Ugusuk,2.200310096412064,4.534839108705191
295,Dayton,2.34399999999997,Malachi Smith,1.922216794663926,4.505676166692185
749,McNeese State,1.1009999999999909,Mike Saunders,4.091613166397591,4.504866096203711
689,Nebraska,1.1639999999999875,Sam Hoiberg,3.844101933406741,4.474534650485398
276,Illinois,2.357999999999969,Amani Hansberry,1.8887793910480968,4.4537418040913535
485,TCU,1.51599999999998,Xavier Cork,2.9342866803336074,4.44837860738569
751,McNeese State,1.1009999999999909,Omar Cooper,4.013583988757062,4.418955971621489
233,Washington State,2.5209999999999675,Jabe Mullins,1.751484833167064,4.415493264414112
123,Gonzaga,3.005999999999957,Joe Few,1.4625487196159184,4.396421451165388
525,Nevada,1.33199999999998,Tyler Rolison,3.28401213618085,4.374304165392827
879,Wagner,1.0209999999999984,Rob Taylor II,4.281673106226368,4.371588241457115
110,Tennessee,3.0819999999999634,Grant Hurst,1.418242394488585,4.3710230598137665
135,Michigan State,2.9999999999999427,Davis Smith,1.4566590364048404,4.369977109214438
304,Saint Mary's,2.340999999999964,Rory Hawke,1.8520991924036665,4.335764209416917
733,NC State,1.1339999999999886,"Dennis Parker, Jr.",3.7862062338640494,4.293557869201789
317,Wisconsin,2.323999999999966,Kamari McGee,1.8463093861125548,4.2908230133255145
346,San Diego State,2.123999999999972,BJ Davis,2.017611589653767,4.2854070164245455
719,Colgate,1.1379999999999877,Sam Thomson,3.7353495553613,4.250827794001113
386,Texas Tech,2.0189999999999912,KyeRon Lindsay,2.104811038457685,4.249613486646047
345,San Diego State,2.123999999999972,Miles Heide,1.9893541582429275,4.225388232107923
202,Auburn,2.617999999999969,Lior Berman,1.6111878771905503,4.218089862484811
307,Saint Mary's,2.340999999999964,Jordan Ross,1.7998360326875802,4.213416152521561
95,Baylor,3.1039999999999712,Austin Sacks,1.3514341599509083,4.19485163248758
471,Oregon,1.537999999999972,Mahamadou Diawara,2.7117289310471087,4.170639095950377
203,Auburn,2.617999999999969,Blake Muschalek,1.5903578398870046,4.163556824824129
836,Mississippi State,1.0369999999999968,KeShawn Murphy,3.99766421101535,4.145577786822905
778,Akron,1.0879999999999928,Kaleb Thornton,3.7859579025121937,4.1191221979332395
148,Arizona,2.841999999999968,Conrad Martinez,1.4467359066344176,4.111623446654969
850,Longwood,1.0349999999999968,Emanuel Richards,3.924932528019825,4.062305166500506
136,Michigan State,2.9999999999999427,Steven Izzo,1.350392145291937,4.051176435875734
400,Florida Atlantic,2.008999999999987,Brenen Lorient,2.0081039460268784,4.034280827567972
374,Texas A&M,2.023999999999984,Eli Lawrence,1.991763090760642,4.0313284956995075
564,Duquesne,1.3029999999999788,Dusan Mahorcic,3.087064857848488,4.022445509776515
72,Purdue,3.6539999999999697,Jace Rayl,1.099506544558151,4.017596913815451
289,Dayton,2.34399999999997,Petras Padegimas,1.7044189546863573,3.9951580297847706
566,Duquesne,1.3029999999999788,Hassan Drame,3.0660017701498794,3.995000306505228
555,Morehead State,1.3109999999999795,Jerone Morton,3.036945680317528,3.981435786896217
247,Florida,2.4449999999999648,Kajus Kublickas,1.624148510569082,3.971043108341348
762,Long Beach State,1.0929999999999924,Amari Stroud,3.62469794941443,3.9617948587099447
319,Wisconsin,2.323999999999966,Markus Ilver,1.6996532367406598,3.949994122185236
888,Stetson,1.0079999999999998,Treyton Thompson,3.916068994536716,3.947397546493009
596,College of Charleston,1.2519999999999825,James Scott,3.147077456369665,3.9401409753747654
221,BYU,2.561999999999968,Townsend Tripple,1.5377290646642223,3.9396618636696883
454,Texas,1.6019999999999748,Ze'Rik Onyema,2.438242851087037,3.906065047441372
499,James Madison,1.3909999999999758,Quincy Allen,2.7865424057603025,3.8760804864125133
161,Kansas,2.695999999999956,Michael Jankovich,1.4267664029883993,3.846562222456662
109,Tennessee,3.0819999999999634,Colin Coyne,1.2360528611900954,3.809514918187829
837,Mississippi State,1.0369999999999968,Shawn Jones,3.61468789541503,3.7484313475453748
430,Colorado State,1.752999999999972,Kyan Evans,2.1262286377748616,3.727278802019273
363,South Carolina,2.060999999999967,Eli Sparkman,1.7858711650198555,3.6806804711058634
809,Vermont,1.0699999999999943,Jace Roquemore,3.4337067287099914,3.6740661997196713
808,Vermont,1.0699999999999943,Sam Alamutu,3.426455393865787,3.6663072714363723
441,Utah State,1.6299999999999777,Kalifa Sakho,2.245772461868349,3.660609112845359
364,South Carolina,2.060999999999967,Ebrima Dibba,1.7628660712240245,3.6332669727926565
207,Auburn,2.617999999999969,Presley Patterson,1.3858237198895398,3.628086498670772
164,Kansas,2.695999999999956,Dillon Wilhite,1.3406126177724569,3.614291617514485
597,College of Charleston,1.2519999999999825,Jordan Crawford,2.8716195186492945,3.5952676373488663
235,Washington State,2.5209999999999675,Dylan Darling,1.4248682016288072,3.5920927363061765
881,Wagner,1.0209999999999984,Seck Zongo,3.509245564050068,3.5829397208951135
163,Kansas,2.695999999999956,Wilder Evers,1.3174118607283174,3.551742376523486
628,St. Peter's,1.2259999999999809,Stephon Roberts,2.89646134461483,3.5510616084977262
427,Colorado State,1.752999999999972,Kyle Evans,2.020839475866354,3.542531601193662
889,Stetson,1.0079999999999998,Tristan Gross,3.510061479628914,3.5381419714659446
720,Colgate,1.1379999999999877,Parker Jones,3.098904171949885,3.526552947678931
205,Auburn,2.617999999999969,Jalen Harper,1.3390450792711812,3.5056200175319105
486,TCU,1.51599999999998,Essam Mostafa,2.311986906915136,3.5049721508833
777,Akron,1.0879999999999928,Tavari Johnson,3.217488012700916,3.500626957818573
835,Mississippi State,1.0369999999999968,Trey Fort,3.3703483108732333,3.495051198375532
351,San Diego State,2.123999999999972,Ryan Schwarz,1.6424465988157328,3.4885565758845707
191,Duke,2.634999999999968,Neal Begovich,1.3197405841419652,3.477516439214036
582,Colorado,1.2569999999999824,RJ Smith,2.765860558035486,3.476686721450557
428,Colorado State,1.752999999999972,Taviontae Jackson,1.977508004544232,3.466571531965983
349,San Diego State,2.123999999999972,Demarshay Johnson,1.6319068449182863,3.466170138606395
111,Tennessee,3.0819999999999634,Kaylan Makan,1.120606567754725,3.4537094418200214
262,Marquette,2.4399999999999675,Al Amadou,1.4149535224301129,3.452486594729429
206,Auburn,2.617999999999969,Haston Alexander,1.3174626715404774,3.4491172740929286
526,Nevada,1.33199999999998,Tylan Pope,2.587863890527092,3.447034702182035
178,Iowa State,2.644999999999966,Conrad Hawley,1.29700462557724,3.430577234651756
137,Michigan State,2.9999999999999427,Nick Sanders,1.1393300290254214,3.417990087076199
190,Duke,2.634999999999968,Spencer Hubbard,1.295817779854919,3.41447984991767
553,Morehead State,1.3109999999999795,Zach Iyeyemi,2.595196202685841,3.4023022217210843
288,Dayton,2.34399999999997,Brady Uhl,1.4471009574063385,3.3920046441604144
223,BYU,2.561999999999968,Tanner Hayhurst,1.3239515276472542,3.3919638138322226
664,Northwestern,1.1749999999999876,Luke Hunger,2.8773960357260857,3.380940341978115
306,Saint Mary's,2.340999999999964,Kevin Gad,1.4434760229839343,3.3791773698053387
150,Arizona,2.841999999999968,Will Menaugh,1.1870440032131444,3.3735790571317184
676,South Dakota State,1.171999999999987,Nate Barnhart,2.8774095604678624,3.3723240048682976
717,Colgate,1.1379999999999877,Chandler Baker,2.962733960239518,3.3715912467525353
653,Drake,1.1789999999999854,Kyron Gibson,2.8536956477583497,3.3645071687070525
583,Colorado,1.2569999999999824,Javon Ruffin,2.657360288061673,3.340301882093476
789,Samford,1.0789999999999944,Riley Allenspach,3.0876898260868595,3.331617322347704
177,Iowa State,2.644999999999966,Cade Kelderman,1.2586233791602486,3.3290588378788146
599,College of Charleston,1.2519999999999825,Khalil London,2.654815716621767,3.3238292772104057
162,Kansas,2.695999999999956,Patrick Cassidy,1.2318604585787007,3.321095796328123
278,Illinois,2.357999999999969,AJ Redd,1.4057938451166667,3.3148618867850566
290,Dayton,2.34399999999997,C.J. Napier,1.4103361676388626,3.305827976945452
266,Marquette,2.4399999999999675,Jack Riley,1.3509729394728116,3.2963739723136163
308,Saint Mary's,2.340999999999964,Cade Bennett,1.405636083282667,3.2905940709646733
516,New Mexico,1.3899999999999797,Isaac Mushila,2.3458892608420894,3.2607860725704567
734,NC State,1.1339999999999886,MJ Rice,2.8749178992825564,3.260156897786386
348,San Diego State,2.123999999999972,Cade Alger,1.5309601545571316,3.251759368279305
222,BYU,2.561999999999968,Jared McGregor,1.2650335306534053,3.2410159055339838
208,Auburn,2.617999999999969,Carter Sobera,1.2315813582439787,3.2242799958826978
750,McNeese State,1.1009999999999909,Dionjahe Thomas,2.9266561988809343,3.222248474967882
688,Nebraska,1.1639999999999875,Eli Rice,2.766385983025994,3.2200732842422224
652,Drake,1.1789999999999854,Nate Ferguson,2.730045057858787,3.21872312321547
335,Alabama,2.1829999999999683,Kai Spears,1.4729136850961413,3.2153705745648296
703,Yale,1.1469999999999885,Yassine Gharram,2.7982168800510165,3.2095547614184836
165,Kansas,2.695999999999956,Chris Carter,1.1858715962222333,3.1971098234150888
880,Wagner,1.0209999999999984,Di'Andre Howell-South,3.131148151998465,3.1969022631904274
442,Utah State,1.6299999999999777,Karson Templin,1.9481542932142064,3.175491497939113
279,Illinois,2.357999999999969,Max Williams,1.3397134374935618,3.159044285609777
665,Northwestern,1.1749999999999876,Blake Smith,2.6875378071707163,3.1578569234255585
151,Arizona,2.841999999999968,Grant Weitman,1.1062555397808085,3.1439782440570223
854,Longwood,1.0349999999999968,Trey Hicks,3.0334565922809014,3.1396275730107233
265,Marquette,2.4399999999999675,Casey O'Malley,1.2853695558446363,3.1363017162608706
890,Stetson,1.0079999999999998,Cyncier Harrison,3.090777433160687,3.115503652625972
416,Clemson,1.978999999999974,Andrew Latiff,1.5741676562492009,3.1152777917171273
320,Wisconsin,2.323999999999966,Isaac Lindsey,1.3316943705251951,3.0948577171005085
539,Grand Canyon,1.3179999999999803,Sydney Curry,2.347713225267954,3.094286030903117
677,South Dakota State,1.171999999999987,Matthew Mors,2.6331347523726745,3.0860339297807404
321,Wisconsin,2.323999999999966,Chris Hodges,1.319532647323302,3.066593872379309
236,Washington State,2.5209999999999675,Ben Olesen,1.215483234030257,3.0642332329902384
540,Grand Canyon,1.3179999999999803,Josh Baker,2.312761705069594,3.048219927281679
752,McNeese State,1.1009999999999909,Cameron Jones,2.766487075459967,3.0459022700813985
567,Duquesne,1.3029999999999788,Jakub Necas,2.3297551658629194,3.0356709811193348
263,Marquette,2.4399999999999675,Jonah Lucas,1.2408113390543984,3.027579667292692
204,Auburn,2.617999999999969,Addarin Scott,1.1523093996090792,3.016746008176533
149,Arizona,2.841999999999968,Luke Champion,1.06036814319005,3.0135662629460884
415,Clemson,1.978999999999974,Bas Leyte,1.5223966254303338,3.012822921726591
292,Dayton,2.34399999999997,Evan Dickey,1.27484096475067,2.9882272213755323
350,San Diego State,2.123999999999972,Desai Lopez,1.4006399569983787,2.9749592686645174
264,Marquette,2.4399999999999675,Cameron Brown,1.2122108398185834,2.957794449157304
248,Florida,2.4449999999999648,Bennett Andersen,1.2019568666398193,2.938784538934316
251,Florida,2.4449999999999648,Jack May,1.2018627227719991,2.9385543571774955
614,UAB,1.234999999999984,James White,2.372298391395573,2.929788513373495
763,Long Beach State,1.0929999999999924,Isael Silva,2.673111454868883,2.921710820171669
429,Colorado State,1.752999999999972,Javonte Johnson,1.6500630936266345,2.892560603127444
701,Yale,1.1469999999999885,Casey Simmons,2.5170183421461614,2.887020038441618
444,Utah State,1.6299999999999777,Nigel Burris,1.753687914702804,2.858511300965531
443,Utah State,1.6299999999999777,Jackson Grant,1.7458449997554113,2.8457273496012814
568,Duquesne,1.3029999999999788,Halil Barre,2.1725617219116424,2.830847923650824
293,Dayton,2.34399999999997,Makai Grant,1.2058159068174013,2.8264324855799523
347,San Diego State,2.123999999999972,Cam Lawin,1.3224864014698292,2.80896111672188
234,Washington State,2.5209999999999675,AJ Rohosy,1.113777558076014,2.8078332239095953
528,Nevada,1.33199999999998,Jazz Gardner,2.106235541210039,2.80550574089173
377,Texas A&M,2.023999999999984,Jaelyn Lee,1.3817844429204689,2.796731712471007
865,Oakland,1.026999999999998,Tone Hunter,2.711884872966652,2.7851057645367456
291,Dayton,2.34399999999997,Atticus Schuler,1.180851725755632,2.7679164451711658
864,Oakland,1.026999999999998,Tuburu Naivalurua,2.690904207993026,2.763558621608832
822,Grambling,1.0679999999999945,Jimel Cofer,2.581509064427563,2.757051680808623
541,Grand Canyon,1.3179999999999803,Isaiah Shaw,2.0819448351105976,2.7440032926757265
323,Wisconsin,2.323999999999966,Luke Haertle,1.175833782647372,2.7326377108724524
294,Dayton,2.34399999999997,Will Maxwell,1.162288572361165,2.724404413614536
401,Florida Atlantic,2.008999999999987,Alejandro Ralat,1.3530337837655018,2.7182448715848753
249,Florida,2.4449999999999648,Cooper Josefsberg,1.1107673935941846,2.7158262773377424
389,Texas Tech,2.0189999999999912,Jack Francis,1.33583025858099,2.6970412920750073
666,Northwestern,1.1749999999999876,Blake Preston,2.2947195853316606,2.696295512764673
431,Colorado State,1.752999999999972,Jack Payne,1.534235663132098,2.6895151174705245
390,Texas Tech,2.0189999999999912,D'maurian Williams,1.3276658246938269,2.680557300056825
501,James Madison,1.3909999999999758,Bryant Randleman,1.910525984472198,2.6575416444007813
336,Alabama,2.1829999999999683,Max Scharnowski,1.2171141764573747,2.6569602472064107
515,New Mexico,1.3899999999999797,Quinton Webb,1.88996853745128,2.627056267057241
250,Florida,2.4449999999999648,Alex Klatsky,1.065295869042849,2.604648399809728
643,Western Kentucky,1.201999999999985,Jack Edelen,2.153656867661041,2.588695554928539
322,Wisconsin,2.323999999999966,Isaac Gard,1.1116297909191153,2.5834276340959863
402,Florida Atlantic,2.008999999999987,Leo Beath,1.2839402859364617,2.579436034446335
445,Utah State,1.6299999999999777,Landon Brenchley,1.5803945578684042,2.5760431293254635
365,South Carolina,2.060999999999967,Danny Grajzl,1.2398579701261907,2.5553472764300382
514,New Mexico,1.3899999999999797,Braden Appelhans,1.8366207680358448,2.552902867569787
487,TCU,1.51599999999998,Tyler Lundblade,1.6838617028609075,2.552734341537102
630,St. Peter's,1.2259999999999809,Elijah Perkins,2.078344749929633,2.5480506634136906
569,Duquesne,1.3029999999999788,Matus Hronsky,1.955457733313669,2.547961426507669
810,Vermont,1.0699999999999943,Brenton Mills,2.3750520914007893,2.541305737798831
554,Morehead State,1.3109999999999795,George Marshall,1.9217142855306844,2.5193674283306877
403,Florida Atlantic,2.008999999999987,Isaiah Gaines,1.2487869135129608,2.508812909247522
645,Western Kentucky,1.201999999999985,BJ Marable,2.0811753115537206,2.501572724487541
823,Grambling,1.0679999999999945,Zahad Munford,2.33867664497038,2.497706656828353
793,Samford,1.0789999999999944,Lukas Walls,2.3014245946642284,2.4832371376426896
571,Duquesne,1.3029999999999788,Kailon Nicholls,1.896171639092722,2.4707116457377767
455,Texas,1.6019999999999748,Chris Johnson,1.542115886669437,2.4704696504443993
642,Western Kentucky,1.201999999999985,Fallou Diagne,2.0364152117300853,2.447771084499532
459,Texas,1.6019999999999748,Cole Bott,1.5213010446501478,2.4371242735294985
418,Clemson,1.978999999999974,Daniel Nauseef,1.2255515769400014,2.425366570764231
417,Clemson,1.978999999999974,Matt Kelly,1.2221957074430678,2.4187253050297994
584,Colorado,1.2569999999999824,Bangot Dak,1.905517604140917,2.395235628405099
500,James Madison,1.3909999999999758,Jerell Roberson,1.7084065289913382,2.37639348182691
585,Colorado,1.2569999999999824,Assane Diop,1.8827795542126933,2.366653899645322
600,College of Charleston,1.2519999999999825,Mayar Wol,1.8830457920986143,2.357573331707432
678,South Dakota State,1.171999999999987,Bubz Alvarez,2.0113814914668184,2.3573391079990853
457,Texas,1.6019999999999748,Alex Anamekwe,1.471491757352773,2.3573297952791052
838,Mississippi State,1.0369999999999968,Andrew Taylor,2.265402988383556,2.34922289895374
654,Drake,1.1789999999999854,Carlos Rosario,1.972127502461839,2.3251383254024796
615,UAB,1.234999999999984,KJ Satterfield,1.880682835413,2.322643301735025
542,Grand Canyon,1.3179999999999803,Derrick Michael Xzavierro,1.7403904034021125,2.29383455168395
737,NC State,1.1339999999999886,Kam Woods,2.0186433296555144,2.28914153582933
617,UAB,1.234999999999984,Will Shaver,1.8483864641013052,2.2827572831650826
404,Florida Atlantic,2.008999999999987,Jack Johnson,1.136260691258688,2.282747728738689
472,Oregon,1.537999999999972,Mookie Cook,1.4824444790002207,2.279999608702298
852,Longwood,1.0349999999999968,Jaylen Benard,2.1877951273683625,2.264367956826248
851,Longwood,1.0349999999999968,Johan Nziemi,2.1863679061499384,2.2628907828651794
824,Grambling,1.0679999999999945,Quintin Murrell,2.102089116150037,2.245031176048228
488,TCU,1.51599999999998,Darius Ford,1.4768397663465669,2.238889085781366
704,Yale,1.1469999999999885,Samson Aletan,1.918417183912614,2.200424509947746
502,James Madison,1.3909999999999758,Jarrell Pope,1.5705625093452502,2.184652450499205
517,New Mexico,1.3899999999999797,Sebastian Forsling,1.57039678862058,2.182851536182574
668,Northwestern,1.1749999999999876,Jordan Clayton,1.856803398653512,2.1817439934178537
602,College of Charleston,1.2519999999999825,Evan Kilminster,1.7407673927265257,2.1794407756935796
811,Vermont,1.0699999999999943,Seth Joba,2.020058828206089,2.161462946180504
753,McNeese State,1.1009999999999909,Roberts Berze,1.962922334613692,2.161177490409657
641,Western Kentucky,1.201999999999985,Jaylen Dorsey,1.7948652738487216,2.157428059166137
840,Mississippi State,1.0369999999999968,Jaquan Scott,2.065052469409136,2.1414594107772675
735,NC State,1.1339999999999886,LJ Thomas,1.8879545712764012,2.1409404838274173
795,Samford,1.0789999999999944,Zach Loveday,1.9748893083348305,2.130905563693271
679,South Dakota State,1.171999999999987,Tanner Te Slaa,1.8069640364972968,2.1177618507748086
755,McNeese State,1.1009999999999909,T'Johnn Brown,1.9043750523422245,2.096716932628772
432,Colorado State,1.752999999999972,Luke Murphy,1.1950813743159854,2.0949776491758887
616,UAB,1.234999999999984,Barry Dunning,1.6941455322271204,2.092269732300467
629,St. Peter's,1.2259999999999809,Elijah Wood,1.7050297022587195,2.0903664149691576
456,Texas,1.6019999999999748,Devon Pryor,1.3030051010142132,2.0874141718247365
702,Yale,1.1469999999999885,Luke Kolaja,1.8121686593461048,2.0785574522699615
813,Vermont,1.0699999999999943,Jackson Skipper,1.9399485852723464,2.0757449862413995
721,Colgate,1.1379999999999877,Sam Wright,1.8222277029318776,2.0736951259364544
529,Nevada,1.33199999999998,Jeriah Coleman,1.5558709602342131,2.072420119031941
458,Texas,1.6019999999999748,Gavin Perryman,1.2735722455033018,2.0402627372962576
589,Colorado,1.2569999999999824,Jack Pease,1.615806702833947,2.0310690254622425
779,Akron,1.0879999999999928,Amani Lyles,1.862448881431091,2.0263443829970136
766,Long Beach State,1.0929999999999924,Jason Hart,1.8410609024078288,2.0122795663317428
586,Colorado,1.2569999999999824,Harrison Carrington,1.6008475604907293,2.0122653835368185
460,Texas,1.6019999999999748,Preston Clark,1.2440887943355468,1.9930302485255145
503,James Madison,1.3909999999999758,Hollman Smith,1.4102764161795087,1.9616944949056625
722,Colgate,1.1379999999999877,Kyle Carlesimo,1.7208666493778166,1.9583462469919342
866,Oakland,1.026999999999998,Michael Rogers,1.8987333221018776,1.9499991217986243
841,Mississippi State,1.0369999999999968,Adrian Myers,1.8745007429983944,1.943857270489329
892,Stetson,1.0079999999999998,Giancarlo Valdez,1.9272309552123248,1.942648802854023
531,Nevada,1.33199999999998,Snookey Wigington,1.455682964587452,1.9389697088304572
570,Duquesne,1.3029999999999788,Andy Barba,1.4791417601783845,1.9273217135124037
667,Northwestern,1.1749999999999876,Justin Mullins,1.6346714539985143,1.9207389584482342
543,Grand Canyon,1.3179999999999803,Marquese Josephs,1.4513552180128706,1.912886177340935
764,Long Beach State,1.0929999999999924,Varrick Lewis,1.7478652951851523,1.9104167676373582
572,Duquesne,1.3029999999999788,Ethan Anish,1.4632675653674112,1.9066376376737058
896,Stetson,1.0079999999999998,Alex Doyle,1.875297868135653,1.8903002510807376
691,Nebraska,1.1639999999999875,Matar Diop,1.6170225420738058,1.8822142389738896
708,Yale,1.1469999999999885,Teo Rice,1.6369271865031685,1.8775554829191154
754,McNeese State,1.1009999999999909,Wesley Fields,1.702142764639354,1.8740591838679133
530,Nevada,1.33199999999998,Amire Robinson,1.401053163972388,1.8662028144111928
473,Oregon,1.537999999999972,James Cooper,1.212217341537471,1.8643902712845966
781,Akron,1.0879999999999928,Evan Wilson,1.7045391218180537,1.8545385645380301
827,Grambling,1.0679999999999945,Elvis Nnaji,1.7331864966983117,1.8510431784737873
527,Nevada,1.33199999999998,Isaac Hymes,1.3823921974509443,1.8413464070046304
680,South Dakota State,1.171999999999987,Jack Hastreiter,1.5705825369643254,1.840722733322169
797,Samford,1.0789999999999944,Paulie Stramaglia,1.7032986846307103,1.8378592807165268
489,TCU,1.51599999999998,Cole Despie,1.2010107517138455,1.8207322995981658
812,Vermont,1.0699999999999943,Michel Ndayishimiye,1.700663822142262,1.8197102896922108
545,Grand Canyon,1.3179999999999803,Malcolm Flaggs,1.378336084458235,1.8166469593159267
894,Stetson,1.0079999999999998,Finley Sheridan,1.7959339980136249,1.8103014699977336
794,Samford,1.0789999999999944,Chandler Leopard,1.675878888286412,1.808273320461029
601,College of Charleston,1.2519999999999825,Spencer Legg,1.434840853455486,1.7964207485262433
476,Oregon,1.537999999999972,Andre Warren,1.167059672883941,1.7949377768954689
655,Drake,1.1789999999999854,Eric Northweather,1.5220767057737663,1.7945284361072482
705,Yale,1.1469999999999885,Jack Molloy,1.5631400617655486,1.7929216508450663
504,James Madison,1.3909999999999758,Shane Feden,1.285781693331298,1.7885223354238045
839,Mississippi State,1.0369999999999968,Gai Chol,1.7069830117418596,1.770141383176303
556,Morehead State,1.3109999999999795,Brady Dingess,1.3478160054034192,1.7669867830838548
619,UAB,1.234999999999984,Ryan Donohoo,1.4306074100087207,1.7668001513607474
893,Stetson,1.0079999999999998,Landen Babusiak,1.7511003353517498,1.7651091380345634
474,Oregon,1.537999999999972,Gabe Reichle,1.1410194285363566,1.7548878810888846
782,Akron,1.0879999999999928,Zach Halligan,1.6116168422143429,1.7534391243291934
505,James Madison,1.3909999999999758,Aidan Mckeon,1.254550392187868,1.745079595533294
855,Longwood,1.0349999999999968,Leo Nordberg,1.6849064511265863,1.7438781769160114
765,Long Beach State,1.0929999999999924,Chayce Polynice,1.5947529575087662,1.7430649825570694
544,Grand Canyon,1.3179999999999803,Noah Amenhauser,1.318572809663664,1.737878963136683
826,Grambling,1.0679999999999945,Malik Lamin,1.6206735717618248,1.73087937464162
490,TCU,1.51599999999998,Trey Stuart,1.1416910725126403,1.73080366592914
475,Oregon,1.537999999999972,Kaleb McCloud,1.1217903169675023,1.725313507495987
769,Long Beach State,1.0929999999999924,Eli Djordjevic,1.5768637765548896,1.7235121077744824
736,NC State,1.1339999999999886,Breon Pass,1.5142822620051382,1.7171960851138093
897,Stetson,1.0079999999999998,Bruce Kanno,1.6978649752384942,1.7114478950404017
853,Longwood,1.0349999999999968,Saxby Sunderland,1.6501416728449143,1.707896631394481
604,College of Charleston,1.2519999999999825,Jack Miller,1.349954450422163,1.6901429719285244
706,Yale,1.1469999999999885,Devon Arlington,1.471398664971973,1.687694268722836
710,Yale,1.1469999999999885,Emir Buyukhanli,1.4670914204966778,1.6827538593096725
573,Duquesne,1.3029999999999788,Seamus McDermott,1.285966546558697,1.675614410165955
780,Akron,1.0879999999999928,Ryan Prather,1.532144502040671,1.666973218220239
588,Colorado,1.2569999999999824,Joe Hurlburt,1.3103116144752054,1.64706169939531
574,Duquesne,1.3029999999999788,Lucas Perusek,1.261418268452296,1.643628003793315
724,Colgate,1.1379999999999877,Cooper Wright,1.4338320059366552,1.631700822755896
869,Oakland,1.026999999999998,Aundre Polk,1.5881859081816372,1.631066927702538
656,Drake,1.1789999999999854,Andrew Alia,1.3820644352874312,1.6294539692038612
825,Grambling,1.0679999999999945,William Reynolds,1.504168339214992,1.6064517862816032
867,Oakland,1.026999999999998,Osei Price,1.539432753996164,1.5809974383540573
767,Long Beach State,1.0929999999999924,Jeffrey Yan,1.4435386721894234,1.5777877687030288
707,Yale,1.1469999999999885,Trevor Mullin,1.3706783477655549,1.5721680648870757
618,UAB,1.234999999999984,Jon Coleman,1.269612770192859,1.5679717711881607
895,Stetson,1.0079999999999998,Naeem Lewis,1.5525292128054524,1.5649494465078957
738,NC State,1.1339999999999886,Ernest Ross,1.3787387380651648,1.5634897289658811
709,Yale,1.1469999999999885,Yussif Basa-Ama,1.3477423301956106,1.5458604527343498
725,Colgate,1.1379999999999877,Alex Capitano,1.3565980953994965,1.5438086325646103
898,Stetson,1.0079999999999998,Isaac Jones,1.522783919175412,1.534966190528815
694,Nebraska,1.1639999999999875,Henry Burt,1.317919124143929,1.534057860503517
891,Stetson,1.0079999999999998,Jackson Huxtable,1.5214020755554678,1.5335732921599112
657,Drake,1.1789999999999854,Brashon Hall,1.2970645091891102,1.529239056333942
796,Samford,1.0789999999999944,Grayson Walters,1.4167588658744352,1.5286828162785078
798,Samford,1.0789999999999944,Owen LaRocca,1.410576113770967,1.5220116267588655
644,Western Kentucky,1.201999999999985,Tyler Olden,1.2617101763339955,1.5165756319534438
856,Longwood,1.0349999999999968,Mateo Esmeraldo,1.464247113096211,1.5154957620545737
692,Nebraska,1.1639999999999875,Cale Jacobsen,1.3004236776810445,1.5136931608207196
605,College of Charleston,1.2519999999999825,Dylan Ritter,1.185600813441883,1.4843722184292167
723,Colgate,1.1379999999999877,Julian Scott,1.300119723499814,1.4795362453427725
603,College of Charleston,1.2519999999999825,Adam Comer,1.180530921323944,1.4780247134975573
842,Mississippi State,1.0369999999999968,Isaac Stansbury,1.4219291779247976,1.4745405575080106
741,NC State,1.1339999999999886,Jordan Snell,1.2727389612991045,1.4432859821131698
768,Long Beach State,1.0929999999999924,Maddox Monson,1.3139342783210022,1.4361301662048453
868,Oakland,1.026999999999998,Cooper Craggs,1.389798792407256,1.427323359802249
739,NC State,1.1339999999999886,KJ Keatts,1.2219554166309607,1.3856974424594954
587,Colorado,1.2569999999999824,Greg Gerhardt,1.0742003116666208,1.3502697917649233
693,Nebraska,1.1639999999999875,Jeff Grace,1.144059218040432,1.3316849297990487
800,Samford,1.0789999999999944,Thomas Kizer,1.2235200364399028,1.3201781193186484
740,NC State,1.1339999999999886,Alex Nunnally,1.1603888654283832,1.3158809733957733
669,Northwestern,1.1749999999999876,Gus Hurlburt,1.1127117750917728,1.3074363357328191
799,Samford,1.0789999999999944,Joshua Hughes,1.162062292628929,1.253865213746608
882,Wagner,1.0209999999999984,Damien Mazil,1.1761725165195431,1.2008721393664517
870,Oakland,1.026999999999998,Evan Solomon,1.1446796855361498,1.1755860370456235
