,Team,Expected Games,Player,Expected Points,Total Expected Points
0,UConn,5.2129999999999495,Tristen Newton,16.325945622627234,85.10715453075494
56,Purdue,3.6539999999999697,Zach Edey,22.957345702329363,83.8861411963108
30,UNC,4.045999999999906,RJ Davis,19.84043805402338,80.27441236657674
14,Kentucky,4.627999999999955,Antonio Reeves,17.271021847314294,79.93028910936978
1,UConn,5.2129999999999495,Cam Spencer,13.016292570786877,67.85393317151133
15,Kentucky,4.627999999999955,Rob Dillingham,14.075942148687231,65.14346026412387
2,UConn,5.2129999999999495,Alex Karaban,12.260253842014835,63.91270327842272
96,Tennessee,3.0819999999999634,Dalton Knecht,19.724272999600863,60.79020938476914
73,Creighton,3.1699999999999644,Baylor Scheierman,19.0767685151666,60.473356193077436
3,UConn,5.2129999999999495,Donovan Clingan,11.195942733465493,58.36444946955505
31,UNC,4.045999999999906,Armando Bacot,14.345653678056,58.042514781413225
74,Creighton,3.1699999999999644,Trey Alexander,18.197710170330268,57.6867412399463
44,Houston,3.934999999999965,LJ Cryer,14.472587364233853,56.9496312782597
45,Houston,3.934999999999965,Jamal Shead,13.776927291049892,54.21220889028084
16,Kentucky,4.627999999999955,Reed Sheppard,11.580935192368841,53.59656807028247
4,UConn,5.2129999999999495,Stephon Castle,10.271588353010259,53.54579008424196
32,UNC,4.045999999999906,Harrison Ingram,13.01752431795746,52.66890339045466
124,Michigan State,2.9999999999999427,Tyson Walker,17.281366491635996,51.844099474907
138,Arizona,2.841999999999968,Caleb Love,18.09421870802997,51.4237695682206
267,Illinois,2.357999999999969,Terrence Shannon,21.779552344135777,51.35618442747148
17,Kentucky,4.627999999999955,Tre Mitchell,10.800628791333857,49.985310046292604
152,Kansas,2.695999999999956,Kevin McCullar,18.417725288409084,49.65418737755009
46,Houston,3.934999999999965,Emanuel Sharp,12.36364100526389,48.65092735571297
57,Purdue,3.6539999999999697,Braden Smith,13.274352402998836,48.50448368055735
75,Creighton,3.1699999999999644,Ryan Kalkbrenner,15.223604900119746,48.258827533379055
153,Kansas,2.695999999999956,Hunter Dickinson,17.522224220234246,47.23991649775076
280,Dayton,2.34399999999997,DaRon Holmes II,19.869917844510624,46.57508742753231
33,UNC,4.045999999999906,Cormac Ryan,11.362903739605109,45.974308530441206
85,Baylor,3.1039999999999712,Rayj Dennis,14.769698242977775,45.84514334620259
84,Baylor,3.1039999999999712,Ja'Kobe Walter,14.738029484871072,45.74684352103938
18,Kentucky,4.627999999999955,D.J. Wagner,9.733137833478853,45.044961893339696
58,Purdue,3.6539999999999697,Lance Jones,11.872316716960576,43.38144528377359
324,Alabama,2.1829999999999683,Mark Sears,19.758843148400246,43.13355459295711
337,San Diego State,2.123999999999972,Jaedon Ledee,20.26156175411125,43.035557165731724
179,Duke,2.634999999999968,Kyle Filipowski,16.236223340891993,42.78244850324988
112,Gonzaga,3.005999999999957,Graham Ike,14.166569470690806,42.58470782889596
237,Florida,2.4449999999999648,Walter Clayton,17.12835765409143,41.87883446425295
366,Texas A&M,2.023999999999984,Wade Taylor,20.42956175236445,41.34943298678532
192,Auburn,2.617999999999969,Johni Broome,15.468928103373774,40.497653774632056
115,Gonzaga,3.005999999999957,Ryan Nembhard,13.280592370268796,39.92146066502743
113,Gonzaga,3.005999999999957,Anton Watson,13.24187429578862,39.805074133140025
114,Gonzaga,3.005999999999957,Nolan Hickman,12.936294940592287,38.88650259141986
166,Iowa State,2.644999999999966,Keshon Gilbert,14.643564187029462,38.73222727469243
225,Washington State,2.5209999999999675,Myles Rice,15.140676378503628,38.16964515020715
98,Tennessee,3.0819999999999634,Zakai Zeigler,12.353094947437038,38.0722386280005
268,Illinois,2.357999999999969,Marcus Domask,16.022788187232425,37.78173454549356
309,Wisconsin,2.323999999999966,AJ Storr,16.215727444338427,37.68535058064195
224,Washington State,2.5209999999999675,Isaac Jones,14.720110558212319,37.10939871725278
253,Marquette,2.4399999999999675,Tyler Kolek,15.177251539810229,37.032493757136464
76,Creighton,3.1699999999999644,Steven Ashworth,11.498786461320417,36.45115308238531
252,Marquette,2.4399999999999675,Kameron Jones,14.881551682705627,36.31098610580125
238,Florida,2.4449999999999648,Zyon Pullin,14.711456974457132,35.969512302547166
59,Purdue,3.6539999999999697,Fletcher Loyer,9.836375452175709,35.94211590224974
125,Michigan State,2.9999999999999427,Malik Hall,11.887448773461806,35.662346320384735
47,Houston,3.934999999999965,J'Wan Roberts,9.058743782956771,35.64615678593458
391,Florida Atlantic,2.008999999999987,Johnell Davis,17.73513120524553,35.62987859133804
139,Arizona,2.841999999999968,Oumar Ballo,12.53080017467174,35.61253409641668
86,Baylor,3.1039999999999712,Jalen Bridges,11.430429483166577,35.480053115748724
19,Kentucky,4.627999999999955,Justin Edwards,7.637742193237843,35.34747087030439
97,Tennessee,3.0819999999999634,Jonas Aidoo,11.394432016312024,35.11763947427324
378,Texas Tech,2.0189999999999912,Pop Isaacs,17.36297907761815,35.05585475771089
209,BYU,2.561999999999968,Jaxson Robinson,13.485056367746349,34.548714414165715
405,Clemson,1.978999999999974,PJ Hall,17.245773643906773,34.129386041291056
180,Duke,2.634999999999968,Jared McCain,12.934694070260086,34.08291887513491
140,Arizona,2.841999999999968,Pelle Larsson,11.983487963844837,34.05707279324665
367,Texas A&M,2.023999999999984,Tyrece Radford,16.772528919979436,33.947598534038114
167,Iowa State,2.644999999999966,Tamin Lipsey,12.822169160661542,33.91463742994934
181,Duke,2.634999999999968,Jeremy Roach,12.547074564624253,33.0615414777845
296,Saint Mary's,2.340999999999964,Aidan Mahaney,14.12242702375767,33.0606016626162
126,Michigan State,2.9999999999999427,A.J. Hoggard,11.006985099199955,33.02095529759924
239,Florida,2.4449999999999648,Tyrese Samuel,13.307788925394373,32.537543922588775
154,Kansas,2.695999999999956,KJ Adams,11.957864326874493,32.23840222525311
254,Marquette,2.4399999999999675,Oso Ighodaro,13.006543812358414,31.735966902154107
34,UNC,4.045999999999906,Elliot Cadeau,7.7534834191559,31.370593913904045
89,Baylor,3.1039999999999712,Jayden Nunn,10.070549755809921,31.258986442033706
141,Arizona,2.841999999999968,Keshad Johnson,10.873987427555182,30.90387226911148
182,Duke,2.634999999999968,Mark Mitchell,11.59448382177668,30.55146487038118
127,Michigan State,2.9999999999999427,Jaden Akins,10.155275951529553,30.465827854588078
20,Kentucky,4.627999999999955,Adou Thiero,6.557421166993076,30.347745160843658
87,Baylor,3.1039999999999712,Langston Love,9.64744373555292,29.945665355155988
88,Baylor,3.1039999999999712,Yves Missi,9.617164734645545,29.851679336339494
325,Alabama,2.1829999999999683,Aaron Estrada,13.634612790220793,29.76435972105156
297,Saint Mary's,2.340999999999964,Augustas Marciulionis,12.60114949470174,29.499290967096325
352,South Carolina,2.060999999999967,Meechie Johnson,14.275335652036231,29.421466778846202
433,Utah State,1.6299999999999777,Great Osobor,17.926489901286747,29.220178539097
226,Washington State,2.5209999999999675,Jaylen Wells,11.53852501296653,29.08862155768825
269,Illinois,2.357999999999969,Coleman Hawkins,12.186108442982881,28.734843708553257
5,UConn,5.2129999999999495,Hassan Diarra,5.49975543687373,28.670225092422474
406,Clemson,1.978999999999974,Joseph Girard,14.473700425849113,28.643453142755018
168,Iowa State,2.644999999999966,Milan Momcilovic,10.720690018035466,28.35622509770344
142,Arizona,2.841999999999968,Kylan Boswell,9.976589942496917,28.35346861657592
212,BYU,2.561999999999968,Spencer Johnson,11.039126749412251,28.282242731993833
99,Tennessee,3.0819999999999634,Josiah-Jordan James,9.126201919283954,28.126954315232812
227,Washington State,2.5209999999999675,Andrej Jakimovski,11.115360834660457,28.021824664178652
183,Duke,2.634999999999968,Tyrese Proctor,10.586044244812149,27.89422658507967
392,Florida Atlantic,2.008999999999987,Vladislav Goldin,13.770351778564137,27.664636723135175
240,Florida,2.4449999999999648,Will Richard,11.269239210314073,27.55328986921751
281,Dayton,2.34399999999997,Nate Santos,11.724981333206966,27.483356245036777
193,Auburn,2.617999999999969,Jaylin Williams,10.444224908877231,27.342980811440267
169,Iowa State,2.644999999999966,Curtis Jones,10.280721417241743,27.19250814860406
353,South Carolina,2.060999999999967,B.J. Mack,13.160741285038263,27.124287788463427
419,Colorado State,1.752999999999972,Isaiah Stevens,15.435627982483298,27.058655853292787
298,Saint Mary's,2.340999999999964,Mitchell Saxen,11.557916677266027,27.057082941479354
532,Grand Canyon,1.3179999999999803,Tyon Grant-Foster,20.427730643424944,26.923748988033672
446,Texas,1.6019999999999748,Max Abmas,16.801123464226173,26.915399789689904
393,Florida Atlantic,2.008999999999987,Alijah Martin,13.249650636900235,26.6185481295324
255,Marquette,2.4399999999999675,David Joplin,10.88340710125388,26.555513327059113
379,Texas Tech,2.0189999999999912,Joe Toussaint,12.866998241707865,25.978469450008067
462,Oregon,1.537999999999972,Jermaine Couisnard,16.796713988459747,25.83334611425062
646,Drake,1.1789999999999854,Tucker DeVries,21.89693885536246,25.81649091047202
156,Kansas,2.695999999999956,Dajuan Harris,9.4643197704194,25.51580610105029
546,Morehead State,1.3109999999999795,Riley Minix,19.461745948335466,25.514348938267396
310,Wisconsin,2.323999999999966,Steven Crowl,10.77788768577625,25.047810981743638
407,Clemson,1.978999999999974,Chase Hunter,12.582991765056462,24.90174070304641
311,Wisconsin,2.323999999999966,Tyler Wahl,10.495830419356668,24.392309894584542
215,BYU,2.561999999999968,Dallin Hall,9.489389419127473,24.31181569180428
211,BYU,2.561999999999968,Trevin Knell,9.466578532398614,24.253374200004945
48,Houston,3.934999999999965,Damian Dunn,6.150736527860492,24.203148237130822
117,Gonzaga,3.005999999999957,Ben Gregg,8.0001458157018,24.048438321999267
299,Saint Mary's,2.340999999999964,Joshua Jefferson,10.26596111821933,24.032614977751084
491,James Madison,1.3909999999999758,Terrence Edwards,17.276235486450307,24.03124356165196
461,Oregon,1.537999999999972,N'Faly Dante,15.582398086371501,23.965728256838933
241,Florida,2.4449999999999648,Riley Kugel,9.746769811267395,23.830852188548437
210,BYU,2.561999999999968,Fousseyni Traore,9.2610546285786,23.726821958418075
61,Purdue,3.6539999999999697,Trey Kaufman-Renn,6.492045617633649,23.72193468683316
575,Colorado,1.2569999999999824,KJ Simpson,18.842229528058525,23.684682516769232
326,Alabama,2.1829999999999683,Grant Nelson,10.832949587255618,23.64832894897867
380,Texas Tech,2.0189999999999912,Darrion Williams,11.373665477528856,22.96343059913066
194,Auburn,2.617999999999969,Chad Baker-Mazara,8.71159772653402,22.80696284806579
49,Houston,3.934999999999965,Ja'Vier Francis,5.790676457354657,22.78631185969037
270,Illinois,2.357999999999969,Quincy Guerrier,9.657841137535087,22.773189402307434
282,Dayton,2.34399999999997,Koby Brea,9.710598973844458,22.76164399469112
447,Texas,1.6019999999999748,Dylan Disu,14.187761835446604,22.728794460385103
155,Kansas,2.695999999999956,Johnny Furphy,8.412921548897861,22.681236495828266
300,Saint Mary's,2.340999999999964,Alex Ducas,9.659899266592987,22.613824183093836
283,Dayton,2.34399999999997,Kobe Elvis,9.64002747842314,22.59622440942355
170,Iowa State,2.644999999999966,Tre King,8.527492959170807,22.555218877006492
477,TCU,1.51599999999998,Emanuel Miller,14.85680009167653,22.52290893898132
313,Wisconsin,2.323999999999966,Chucky Hepburn,9.645291926594352,22.415658437404947
506,New Mexico,1.3899999999999797,Jaelen House,16.125740941417973,22.414779908570654
214,BYU,2.561999999999968,Noah Waterman,8.743238026798602,22.400175824657737
327,Alabama,2.1829999999999683,Rylan Griffen,10.239608427066429,22.35306519628569
670,South Dakota State,1.171999999999987,Zeke Mayo,19.066638568379126,22.346100402140088
101,Tennessee,3.0819999999999634,Santiago Vescovi,7.167816019335513,22.09120897159179
6,UConn,5.2129999999999495,Samson Johnson,4.196383472462605,21.87574704194735
60,Purdue,3.6539999999999697,Mason Gillis,5.977627791197599,21.842251949035845
518,Nevada,1.33199999999998,Jarod Lucas,16.383069346341358,21.822248369326363
421,Colorado State,1.752999999999972,Nique Clifford,12.428841374439422,21.78775892939196
312,Wisconsin,2.323999999999966,Max Klesmit,9.33730445915352,21.699895563072463
658,Northwestern,1.1749999999999876,Boo Buie,18.391061684467587,21.609497479249185
21,Kentucky,4.627999999999955,Zvonimir Ivisic,4.628617074954139,21.421239822887546
420,Colorado State,1.752999999999972,Joel Scott,12.061975526950565,21.144643098744
519,Nevada,1.33199999999998,Kenan Blackshear,15.733150541338288,20.956556521062286
557,Duquesne,1.3029999999999788,Dae Dae Grant,16.082251189538372,20.95517329996816
195,Auburn,2.617999999999969,Denver Jones,7.998952559335024,20.941257800338843
116,Gonzaga,3.005999999999957,Braden Huff,6.926251984883963,20.820313466560897
100,Tennessee,3.0819999999999634,Jordan Gainey,6.747504270672765,20.795808162213216
434,Utah State,1.6299999999999777,Ian Martinez,12.74915733765027,20.781126460369656
558,Duquesne,1.3029999999999788,Jimmy Clark,15.860855801002794,20.666695108706303
285,Dayton,2.34399999999997,Enoch Cheeks,8.815839922276782,20.66432877781651
435,Utah State,1.6299999999999777,Darius Brown,12.611960836619168,20.557496163688963
340,San Diego State,2.123999999999972,Micah Parrish,9.658282586366143,20.51419221344142
547,Morehead State,1.3109999999999795,Jordan Lathon,15.621994529798442,20.48043482856544
770,Akron,1.0879999999999928,Enrique Freeman,18.70178019086591,20.347536847661974
883,Stetson,1.0079999999999998,Jalen Blackmon,20.109350460079796,20.27022526376043
339,San Diego State,2.123999999999972,Lamont Butler,9.532945774098149,20.247976824184203
50,Houston,3.934999999999965,Terrance Arceneaux,5.133912107282132,20.20194414215501
338,San Diego State,2.123999999999972,Reese Dixon-Waters,9.412290838327273,19.991705740606864
355,South Carolina,2.060999999999967,Ta'Lon Cooper,9.650540946289482,19.889764890302303
256,Marquette,2.4399999999999675,Stevie Mitchell,8.136972892587636,19.854213857913567
213,BYU,2.561999999999968,Richie Saunders,7.722090676106587,19.78399631218483
508,New Mexico,1.3899999999999797,Jamal Mashburn,14.148144704660174,19.665921139477355
382,Texas Tech,2.0189999999999912,Devan Cambridge,9.735317414452393,19.655605859779296
408,Clemson,1.978999999999974,Ian Schieffelin,9.912670436872334,19.61717479457009
284,Dayton,2.34399999999997,Javon Bennett,8.302216527502976,19.460395540466727
381,Texas Tech,2.0189999999999912,Chance McMillian,9.59663202497574,19.375600058425935
171,Iowa State,2.644999999999966,Robert Jones,7.3200777730549795,19.36160570973017
242,Florida,2.4449999999999648,Alex Condon,7.88322291805513,19.274480034644515
756,Long Beach State,1.0929999999999924,Marcus Tsohonis,17.629452024304747,19.268991062564954
196,Auburn,2.617999999999969,Aden Holloway,7.355239506479315,19.256017027962617
448,Texas,1.6019999999999748,Tyrese Hunter,12.015382674788324,19.248643045010592
184,Duke,2.634999999999968,Caleb Foster,7.2899790484246605,19.209094792598744
463,Oregon,1.537999999999972,Jackson Shelstad,12.369474520750465,19.02425181291387
576,Colorado,1.2569999999999824,Tristan Da Silva,15.07187253580901,18.94534377751166
383,Texas Tech,2.0189999999999912,Warren Washington,9.371087698178636,18.920226062622582
742,McNeese State,1.1009999999999909,Shahada Wells,17.08947722133788,18.81551442069285
507,New Mexico,1.3899999999999797,Donovan Dent,13.444210013770059,18.68745191914011
22,Kentucky,4.627999999999955,Aaron Bradshaw,4.03593357468404,18.678300583637554
857,Oakland,1.026999999999998,Trey Townsend,18.06411693407912,18.55184809129922
620,St. Peter's,1.2259999999999809,Corey Washington,15.126976616526054,18.54567333186065
354,South Carolina,2.060999999999967,Collin Murray-Boyles,8.926357524249584,18.3972228574781
23,Kentucky,4.627999999999955,Ugonna Onyenso,3.9750985432268173,18.39675605805353
533,Grand Canyon,1.3179999999999803,Rayshon Harrison,13.860677123296385,18.268372448504362
35,UNC,4.045999999999906,Seth Trimble,4.485863609103882,18.149804162433885
659,Northwestern,1.1749999999999876,Brooks Barnhizer,15.341924124743418,18.026760846573325
726,NC State,1.1339999999999886,DJ Horne,15.620065410933535,17.71315417599845
394,Florida Atlantic,2.008999999999987,Nick Boyd,8.784926270707237,17.648916877850723
492,James Madison,1.3909999999999758,T.J. Bickerstaff,12.681380676783062,17.639800521404933
606,UAB,1.234999999999984,Yaxel Lendeborg,14.182233678142754,17.515058592506076
695,Yale,1.1469999999999885,Danny Wolf,15.18433514925902,17.41643241619992
478,TCU,1.51599999999998,Jameer Nelson,11.365926325907942,17.230744310076215
631,Western Kentucky,1.201999999999985,Don McHenry,14.286775330397475,17.172703947137553
828,Mississippi State,1.0369999999999968,Josh Hubbard,16.50591141540246,17.116630137772297
341,San Diego State,2.123999999999972,Darrion Trammell,8.03882685601862,17.074468242183325
328,Alabama,2.1829999999999683,Latrell Wrightsell,7.778666820353438,16.98082966883131
197,Auburn,2.617999999999969,K.D. Johnson,6.484021263382706,16.97516766753572
479,TCU,1.51599999999998,Micah Peavy,11.152624735938712,16.907379099682863
534,Grand Canyon,1.3179999999999803,Gabe McGlothan,12.781569225641764,16.846108239395594
607,UAB,1.234999999999984,Eric Gaines,13.594539844810221,16.789256708340407
436,Utah State,1.6299999999999777,Mason Falslev,10.232550239443885,16.679056890293303
77,Creighton,3.1699999999999644,Mason Miller,5.246585440388436,16.631675846031158
51,Houston,3.934999999999965,Mylik Wilson,4.224049430416171,16.621634508687485
356,South Carolina,2.060999999999967,Myles Stute,8.046630667919269,16.58410580658135
621,St. Peter's,1.2259999999999809,Latrell Reid,13.46763185067822,16.511316648931242
871,Wagner,1.0209999999999984,Melvin Council Jr.,16.14174828183073,16.48072499574915
143,Arizona,2.841999999999968,Jaden Bradley,5.792621386577441,16.462629980652903
771,Akron,1.0879999999999928,Ali Ali,15.102667193849637,16.431701906908295
229,Washington State,2.5209999999999675,Joseph Yesufu,6.402036587630816,16.139534237417077
449,Texas,1.6019999999999748,Dillon Mitchell,10.0269621797481,16.063193411956203
228,Washington State,2.5209999999999675,Oscar Cluff,6.358959378990092,16.030936594433815
493,James Madison,1.3909999999999758,Noah Freidel,11.503055541541817,16.00075025828439
843,Longwood,1.0349999999999968,Walyn Napper,15.270848581405431,15.805328281754573
314,Wisconsin,2.323999999999966,John Blackwell,6.794991091626232,15.791559296939134
829,Mississippi State,1.0369999999999968,Tolu Smith,15.181915483701632,15.743646356598545
711,Colgate,1.1379999999999877,Braeden Smith,13.818263923601943,15.72518434505884
271,Illinois,2.357999999999969,Ty Rodgers,6.668174517067214,15.723555511244285
7,UConn,5.2129999999999495,Solomon Ball,3.006248500836138,15.671573434858637
368,Texas A&M,2.023999999999984,Henry Coleman,7.741016060514413,15.66781650648105
681,Nebraska,1.1639999999999875,Keisei Tominaga,13.420079838128949,15.620972931581928
509,New Mexico,1.3899999999999797,JT Toppin,11.1940942708807,15.559791036523947
520,Nevada,1.33199999999998,Nick Davidson,11.67592221553167,15.552328391087952
422,Colorado State,1.752999999999972,Patrick Cartier,8.85551419313542,15.523716380566142
36,UNC,4.045999999999906,Jae'lyn Withers,3.835110280428748,15.516856194614354
198,Auburn,2.617999999999969,Tre Donaldson,5.921960659787933,15.503693007324625
682,Nebraska,1.1639999999999875,Brice Williams,13.316437882215292,15.500333694898433
465,Oregon,1.537999999999972,Jesse Zarzuela,10.044988772806473,15.449192732576075
118,Gonzaga,3.005999999999957,Dusty Stromer,5.1366294953435965,15.44070826300263
548,Morehead State,1.3109999999999795,Kalil Thomas,11.662868236241632,15.290020257712541
783,Samford,1.0789999999999944,Achor Achor,14.14135457572425,15.258521587206387
371,Texas A&M,2.023999999999984,Jace Carter,7.50841637674137,15.197034746524412
144,Arizona,2.841999999999968,KJ Lewis,5.341800996210929,15.18139843123129
647,Drake,1.1789999999999854,Atin Wright,12.837235703066092,15.135100893914736
216,BYU,2.561999999999968,Aly Khalifa,5.896772589150897,15.10753137340441
683,Nebraska,1.1639999999999875,Rienk Mast,12.97671195288914,15.104892713162796
884,Stetson,1.0079999999999998,Stephan Swenson,14.9743682923982,15.094163238737382
128,Michigan State,2.9999999999999427,Tre Holloman,5.027283219451537,15.081849658354322
591,College of Charleston,1.2519999999999825,Ante Brzovic,11.985901098788503,15.006348175682996
549,Morehead State,1.3109999999999795,Drew Thelwell,11.150740211858707,14.618620417746538
758,Long Beach State,1.0929999999999924,Aboubacar Traore,13.238965153867888,14.4701889131775
384,Texas Tech,2.0189999999999912,Kerwin Walton,7.131367338741665,14.39823065691936
257,Marquette,2.4399999999999675,Chase Ross,5.898067308015891,14.391284231558583
590,College of Charleston,1.2519999999999825,Reyne Smith,11.47802088889991,14.370482152902484
578,Colorado,1.2569999999999824,J'Vonne Hadley,11.399639564271595,14.329346932289194
696,Yale,1.1469999999999885,John Poulakidas,12.177774991591418,13.967907915355216
759,Long Beach State,1.0929999999999924,Lassina Traore,12.723272026983182,13.906536325492521
660,Northwestern,1.1749999999999876,Ryan Langborg,11.83249995183283,13.903187443403429
579,Colorado,1.2569999999999824,Eddie Lampkin,11.043176595817801,13.88127298094278
369,Texas A&M,2.023999999999984,Solomon Washington,6.849029766045766,13.862436246476522
698,Yale,1.1469999999999885,Bez Mbeng,12.026869654936068,13.79481949421153
671,South Dakota State,1.171999999999987,William Kyle,11.765241792924297,13.788863381307124
52,Houston,3.934999999999965,Joseph Tugler,3.4764224640388326,13.679722395992684
859,Oakland,1.026999999999998,Blake Lampman,13.311170082972176,13.670571675212397
672,South Dakota State,1.171999999999987,Charlie Easley,11.65380040614062,13.658254075996656
102,Tennessee,3.0819999999999634,Tobe Awaka,4.413462156139653,13.60229036522225
577,Colorado,1.2569999999999824,Cody Williams,10.772127867689566,13.540564729685594
243,Florida,2.4449999999999648,Micah Handlogten,5.535624959508556,13.534603025998223
743,McNeese State,1.1009999999999909,Christian Shumate,12.291321616048048,13.532745099268789
510,New Mexico,1.3899999999999797,Nelly Junior Joseph,9.715959913181042,13.505184279321451
858,Oakland,1.026999999999998,Jack Gohlke,13.13915471987357,13.493911897310129
258,Marquette,2.4399999999999675,Sean Jones,5.524496270087013,13.479770899012133
592,College of Charleston,1.2519999999999825,Ben Burnham,10.703798947783202,13.401156282624381
727,NC State,1.1339999999999886,D.J. Burns,11.77565812301646,13.35359631150053
673,South Dakota State,1.171999999999987,Luke Appel,11.372259101778575,13.328287667284343
329,Alabama,2.1829999999999683,Nick Pringle,6.0854671932782285,13.28457488292618
814,Grambling,1.0679999999999945,Dozier Kintavious,12.428396604029977,13.273527573103948
608,UAB,1.234999999999984,Efrem Johnson,10.707191684223687,13.223381730016083
815,Grambling,1.0679999999999945,Tra'michael Moton,12.281820753303471,13.116984564528039
145,Arizona,2.841999999999968,Motiejus Krivas,4.615285179817512,13.116640481041221
437,Utah State,1.6299999999999777,Josh Uduje,8.045841167189812,13.114721102519214
372,Texas A&M,2.023999999999984,Andersson Garcia,6.472893298796454,13.10113603676392
172,Iowa State,2.644999999999966,Hason Ward,4.947213784016754,13.085380458724146
728,NC State,1.1339999999999886,Jayden Taylor,11.501830690270207,13.043076002766284
396,Florida Atlantic,2.008999999999987,Bryan Greenlee,6.4801091925558545,13.018539367844628
648,Drake,1.1789999999999854,Darnell Brodie,10.995145776530045,12.963276870528762
90,Baylor,3.1039999999999712,Josh Ojianwuna,4.170641694863566,12.945671820856388
632,Western Kentucky,1.201999999999985,Brandon Newman,10.761237332821599,12.9350072740514
729,NC State,1.1339999999999886,Casey Morsell,11.350401273673768,12.871355044345924
480,TCU,1.51599999999998,JaKobe Coles,8.455925122516962,12.819182485735546
395,Florida Atlantic,2.008999999999987,Brandon Weatherspoon,6.349098452108987,12.755338790286872
661,Northwestern,1.1749999999999876,Ty Berry,10.826241449314722,12.720833702944663
78,Creighton,3.1699999999999644,Francisco Farabello,4.012590028886345,12.719910391569572
757,Long Beach State,1.0929999999999924,Jadon Jones,11.626829752610789,12.708124919603504
157,Kansas,2.695999999999956,Nicolas Timberlake,4.7053885481448425,12.68572752579829
482,TCU,1.51599999999998,Avery Anderson,8.322186228723092,12.616434322744041
481,TCU,1.51599999999998,Trey Tennyson,8.313750062867545,12.603645095307032
464,Oregon,1.537999999999972,Nathan Bittle,8.183138056215558,12.585666330459299
342,San Diego State,2.123999999999972,Elijah Saunders,5.888138182802098,12.506405500271493
103,Tennessee,3.0819999999999634,Jahmai Mashack,4.044734304633594,12.46587112688059
370,Texas A&M,2.023999999999984,Manny Obaseki,6.158323609400685,12.464446985426887
132,Michigan State,2.9999999999999427,Mady Sissoko,4.1503521962217444,12.451056588664995
801,Vermont,1.0699999999999943,TJ Long,11.526991309644098,12.333880701319119
37,UNC,4.045999999999906,Jalen Washington,3.048252980097722,12.333231557475097
684,Nebraska,1.1639999999999875,Juwan Gary,10.530992535455809,12.25807531127043
845,Longwood,1.0349999999999968,Johnathan Massie,11.840042198384857,12.25444367532829
649,Drake,1.1789999999999854,Kevin Overton,10.38858670523988,12.248143725477668
158,Kansas,2.695999999999956,Elmarko Jackson,4.538693053361889,12.236316471863455
609,UAB,1.234999999999984,Alejandro Vasquez,9.836095040599066,12.14757737513969
274,Illinois,2.357999999999969,Justin Harmon,5.145892616061301,12.13401478867239
273,Illinois,2.357999999999969,Luke Goode,5.133191146771009,12.10406472408588
494,James Madison,1.3909999999999758,Julien Wooden,8.622550067847454,11.9939671443756
467,Oregon,1.537999999999972,Jadrian Tracey,7.768339103223739,11.947705540757893
8,UConn,5.2129999999999495,Jaylin Stewart,2.2710436705691572,11.838950654676902
358,South Carolina,2.060999999999967,Jacobi Wright,5.742048052971786,11.834361037174661
697,Yale,1.1469999999999885,Matt Knowling,10.246793191938753,11.753071791153632
802,Vermont,1.0699999999999943,Shamir Bogues,10.915900278404655,11.680013297892918
521,Nevada,1.33199999999998,Tre Coleman,8.729789604314181,11.628079752946315
423,Colorado State,1.752999999999972,Josiah Strong,6.6310864976193375,11.624294630326512
231,Washington State,2.5209999999999675,Kymany Houinsou,4.58679247272053,11.563303823728308
357,South Carolina,2.060999999999967,Zachary Davis,5.60575197497342,11.553454820420034
594,College of Charleston,1.2519999999999825,Frankie Policelli,9.224529908548675,11.54911144550278
816,Grambling,1.0679999999999945,Antwan Burnett,10.791845285842864,11.52569076528012
397,Florida Atlantic,2.008999999999987,Jalen Gaffney,5.721378932734327,11.494250275863187
784,Samford,1.0789999999999944,A.J. Staton-McCray,10.635238955036883,11.475422832484737
844,Longwood,1.0349999999999968,Michael Christmas,11.071619403435328,11.45912608255553
200,Auburn,2.617999999999969,Chaney Johnson,4.3725207027460264,11.447259199788961
712,Colgate,1.1379999999999877,Keegan Records,9.97810597902161,11.35508460412647
535,Grand Canyon,1.3179999999999803,Collin Moore,8.584811358788144,11.314781370882605
713,Colgate,1.1379999999999877,Ryan Moffatt,9.906152965147587,11.273202074337833
745,McNeese State,1.1009999999999909,Javohn Garcia,10.230022024289955,11.263254248743147
468,Oregon,1.537999999999972,Kwame Evans Jr.,7.226566913197181,11.114459912497063
331,Alabama,2.1829999999999683,Jarin Stevenson,5.065205898694835,11.057344476850664
199,Auburn,2.617999999999969,Dylan Cardwell,4.216589802204302,11.039032102170731
230,Washington State,2.5209999999999675,Rueben Chinyelu,4.377335001861087,11.035261539691657
272,Illinois,2.357999999999969,Dain Dainja,4.674875492881908,11.023356412215394
466,Oregon,1.537999999999972,Keeshawn Barthelemy,7.155249317951816,11.004773451009694
803,Vermont,1.0699999999999943,Aaron Deloney,10.275893880672736,10.995206452319769
610,UAB,1.234999999999984,Javian Davis,8.870479535245709,10.95504222602831
593,College of Charleston,1.2519999999999825,Kobe Rodgers,8.739067546527181,10.941312568251877
772,Akron,1.0879999999999928,Greg Tribble,10.009394748389518,10.890221486247723
634,Western Kentucky,1.201999999999985,Khristian Lander,9.051057878106846,10.879371569484293
259,Marquette,2.4399999999999675,Ben Gold,4.450380873342669,10.858929330955968
875,Wagner,1.0209999999999984,Rahmir Moore,10.608473489372699,10.831251432649507
886,Stetson,1.0079999999999998,Alec Oglesby,10.745054720527882,10.831015158292104
130,Michigan State,2.9999999999999427,Jeremy Fears Jr.,3.5955031242536934,10.786509372760875
301,Saint Mary's,2.340999999999964,Luke Barrett,4.592640673657864,10.751371817032895
817,Grambling,1.0679999999999945,Jourdan Smith,10.014267467290336,10.695237655066025
786,Samford,1.0789999999999944,Jermaine Marshall,9.907815938157023,10.690533397271373
131,Michigan State,2.9999999999999427,Carson Cooper,3.563325998121209,10.689977994363423
872,Wagner,1.0209999999999984,Tahron Allen,10.445894202366233,10.665257980615907
343,San Diego State,2.123999999999972,Jay Pal,5.01920803898313,10.660797874800028
760,Long Beach State,1.0929999999999924,AJ George,9.752656841368648,10.659653927615858
885,Stetson,1.0079999999999998,Aubin Gateretse,10.556925682319793,10.641381087778349
744,McNeese State,1.1009999999999909,DJ Richards,9.660019883790671,10.63568189205344
62,Purdue,3.6539999999999697,Myles Colvin,2.9081732585180404,10.626465086624831
424,Colorado State,1.752999999999972,Jalen Lake,6.019371003408631,10.551957368975161
635,Western Kentucky,1.201999999999985,Tyrone Marshall,8.776483813467149,10.549333543787382
633,Western Kentucky,1.201999999999985,Rodney Howard,8.741445098880984,10.507217008854813
439,Utah State,1.6299999999999777,Max Agbonkpolo,6.404857101953166,10.439917076183518
91,Baylor,3.1039999999999712,Dantwan Grimes,3.3483439025692556,10.393259473574872
699,Yale,1.1469999999999885,August Mahoney,8.95019146329639,10.265869608400855
550,Morehead State,1.3109999999999795,Eddie Ricks III,7.782284974004272,10.20257560091944
450,Texas,1.6019999999999748,Kadin Shedrick,6.362220069909935,10.192276551995556
830,Mississippi State,1.0369999999999968,Cameron Matthews,9.813348089509285,10.176441968821097
412,Clemson,1.978999999999974,Jack Clark,5.130246665552237,10.152758151127744
873,Wagner,1.0209999999999984,Julian Brown,9.932842820872871,10.141432520111184
63,Purdue,3.6539999999999697,Camden Heide,2.7596441022655056,10.083739549678073
785,Samford,1.0789999999999944,Jaden Campbell,9.302749407144203,10.037666610308543
330,Alabama,2.1829999999999683,Sam Walters,4.593228328382277,10.027017440858364
874,Wagner,1.0209999999999984,Zaire Williams,9.768079231936143,9.973208895806787
787,Samford,1.0789999999999944,Rylan Jones,9.234204986380508,9.963707180304516
409,Clemson,1.978999999999974,RJ Godfrey,5.028214656803895,9.950836805814777
623,St. Peter's,1.2259999999999809,Roy Clarke,8.101459416839528,9.932389245045107
495,James Madison,1.3909999999999758,Michael Green,7.040988089384788,9.79401443233407
302,Saint Mary's,2.340999999999964,Mason Forbes,4.180029496559465,9.785449051445557
373,Texas A&M,2.023999999999984,Hayden Hefner,4.804190060996015,9.723680683455857
410,Clemson,1.978999999999974,Chauncey Wiggins,4.904116093592582,9.705245749219591
469,Oregon,1.537999999999972,Kario Oquendo,6.244706496998471,9.604358592383473
622,St. Peter's,1.2259999999999809,Michael Houge,7.7853212905269675,9.544803902185913
536,Grand Canyon,1.3179999999999803,Duke Brennan,7.209733257302663,9.502428433124768
860,Oakland,1.026999999999998,Chris Conway,9.18266409182291,9.430596022302108
438,Utah State,1.6299999999999777,Isaac Johnson,5.755647907566205,9.381706089332786
876,Wagner,1.0209999999999984,Javier Ezquerra,9.170867791268392,9.363456014885013
398,Florida Atlantic,2.008999999999987,Giancarlo Rosado,4.642673433271809,9.327130927443005
217,BYU,2.561999999999968,Dawson Baker,3.628957191454141,9.297388324505393
411,Clemson,1.978999999999974,Alex Hemenway,4.680822159378614,9.263347053410156
595,College of Charleston,1.2519999999999825,Bryce Butler,7.372767056144473,9.230704354292751
746,McNeese State,1.1009999999999909,Antavion Collum,8.367270801966344,9.212365152964868
218,BYU,2.561999999999968,Atiki Ally Atiki,3.5912575241649027,9.200801776910366
636,Western Kentucky,1.201999999999985,Dontaie Allen,7.636710482190211,9.17932599959252
662,Northwestern,1.1749999999999876,Nick Martinelli,7.790514717133783,9.1538547926321
129,Michigan State,2.9999999999999427,Xavier Booker,3.024717657856055,9.07415297356799
773,Akron,1.0879999999999928,Sammy Hunter,8.307353563554331,9.038400677147052
53,Houston,3.934999999999965,Ramon Walker,2.2923784614277514,9.020509245718122
580,Colorado,1.2569999999999824,Julian Hammond,7.148457768253566,8.985611414694606
452,Texas,1.6019999999999748,Ithiel Horton,5.538662084526653,8.872936659411558
244,Florida,2.4449999999999648,Thomas Haugh,3.6253182395754937,8.863903095761954
512,New Mexico,1.3899999999999797,Tru Washington,6.319328579462346,8.783866725452533
470,Oregon,1.537999999999972,Brennan Rigsby,5.7040081470525585,8.772764530166675
675,South Dakota State,1.171999999999987,Matthew Mims,7.471192670605479,8.756237809949525
846,Longwood,1.0349999999999968,Szymon Zapala,8.45642085967986,8.752395589768627
805,Vermont,1.0699999999999943,Nick Fiorillo,8.16300576294955,8.734416166355972
498,James Madison,1.3909999999999758,Xavier Brown,6.26890394359388,8.720045385538937
344,San Diego State,2.123999999999972,Miles Byrd,4.076263549996229,8.657983780191877
559,Duquesne,1.3029999999999788,David Dixon,6.641070085983916,8.653314322036902
687,Nebraska,1.1639999999999875,Jamarques Lawrence,7.420702186315236,8.63769734487084
674,South Dakota State,1.171999999999987,Kalen Garry,7.342954737575586,8.605942952438491
686,Nebraska,1.1639999999999875,Josiah Allick,7.384077910495003,8.595066687816091
497,James Madison,1.3909999999999758,Raekwon Horton,6.123800504532901,8.518206501805118
611,UAB,1.234999999999984,Christian Coleman,6.888903895030612,8.507796310362696
560,Duquesne,1.3029999999999788,Fousseyni Drame,6.499350010201924,8.46865306329297
861,Oakland,1.026999999999998,DQ Cole,8.210935047106359,8.432630293378214
804,Vermont,1.0699999999999943,Matt Veretto,7.8645378383954805,8.41505548708312
806,Vermont,1.0699999999999943,Ileri Ayo-Faleye,7.833199499858748,8.381523464848815
451,Texas,1.6019999999999748,Chendall Weaver,5.217628673775559,8.358641135388314
65,Purdue,3.6539999999999697,Caleb Furst,2.286957905775491,8.356544187703575
511,New Mexico,1.3899999999999797,Mustapha Amzil,5.982994503621498,8.31636236003376
64,Purdue,3.6539999999999697,Will Berg,2.2742122206913944,8.309971454406286
425,Colorado State,1.752999999999972,Joe Palmer,4.71125549723045,8.258830886644846
119,Gonzaga,3.005999999999957,Luka KrajnoviÄ‡,2.7455443260068875,8.253106243976585
650,Drake,1.1789999999999854,Conor Enright,6.98832285158351,8.239232642016855
637,Western Kentucky,1.201999999999985,Babacar Faye,6.845814560995015,8.228669102315905
133,Michigan State,2.9999999999999427,Coen Carr,2.7428122886886044,8.228436866065657
24,Kentucky,4.627999999999955,Jordan Burks,1.7746985037711678,8.213304675452884
303,Saint Mary's,2.340999999999964,Harry Wessels,3.4004628478412604,7.960483526796269
220,BYU,2.561999999999968,Marcus Adams,3.0778584050759017,7.885473233804361
561,Duquesne,1.3029999999999788,Jake DiMichele,6.014600755629846,7.837024784585562
385,Texas Tech,2.0189999999999912,Robert Jennings,3.8783616279752664,7.830412126882029
581,Colorado,1.2569999999999824,Luke O'Brien,6.220719867633896,7.819444873615698
173,Iowa State,2.644999999999966,Jackson Paveletzke,2.953300008281795,7.811478521905246
523,Nevada,1.33199999999998,K.J. Hymes,5.863793176728436,7.810572511402159
685,Nebraska,1.1639999999999875,C.J. Wilcher,6.693514056611878,7.791250361896142
730,NC State,1.1339999999999886,Mohamed Diarra,6.862095768170478,7.781616601105244
833,Mississippi State,1.0369999999999968,D.J. Jeffries,7.4721386372512635,7.748607766829537
496,James Madison,1.3909999999999758,Jaylen Carey,5.509304659801515,7.6634427817837745
887,Stetson,1.0079999999999998,Josh Smith,7.581464709655257,7.642116427332497
484,TCU,1.51599999999998,Ernest Udeh,5.0131580411481895,7.599947590380555
104,Tennessee,3.0819999999999634,D.J. Jefferson,2.4511499976705293,7.554444292820482
774,Akron,1.0879999999999928,Nate Johnson,6.931754865060214,7.541749293185463
232,Washington State,2.5209999999999675,Isaiah Watts,2.967795522228016,7.481812511536732
831,Mississippi State,1.0369999999999968,Shakeel Moore,7.198396418568141,7.464737086055139
715,Colgate,1.1379999999999877,Jeff Woodward,6.519901306464114,7.419647686756081
624,St. Peter's,1.2259999999999809,Marcus Randolph,6.0438993523240985,7.409820605949229
79,Creighton,3.1699999999999644,Isaac Traudt,2.3350402195743905,7.402077496050735
80,Creighton,3.1699999999999644,Fredrick King,2.333153149564551,7.396095484119544
185,Duke,2.634999999999968,Ryan Young,2.7996313183277515,7.377028523793535
807,Vermont,1.0699999999999943,TJ Hurley,6.842192665072197,7.321146151627212
862,Oakland,1.026999999999998,Rocket Watts,7.095930517525275,7.287520641498443
714,Colgate,1.1379999999999877,Brady Cummins,6.402993978656431,7.2866071477109395
612,UAB,1.234999999999984,Daniel Ortiz,5.899503170867105,7.28588641602078
747,McNeese State,1.1009999999999909,Nasir Mann,6.609911602980253,7.277512674881198
638,Western Kentucky,1.201999999999985,Enoch Kalambay,6.025569142136352,7.242734108847806
453,Texas,1.6019999999999748,Brock Cunningham,4.488617089632038,7.1907645775904125
201,Auburn,2.617999999999969,Chris Moore,2.7437507464330486,7.183139454161636
625,St. Peter's,1.2259999999999809,Armoni Zeigler,5.858761449679067,7.182841537306424
847,Longwood,1.0349999999999968,Elijah Tucker,6.93089789052741,7.173479316695847
38,UNC,4.045999999999906,Paxson Wojcik,1.7686138392035287,7.155811593417311
626,St. Peter's,1.2259999999999809,Mouhamed Sow,5.790827693126401,7.099554751772857
92,Baylor,3.1039999999999712,Caleb Lohner,2.287216385574604,7.099519660823505
245,Florida,2.4449999999999648,Denzel Aberdeen,2.897900122413013,7.085365799299715
819,Grambling,1.0679999999999945,Jalen Johnson,6.601153708636415,7.050032160823656
563,Duquesne,1.3029999999999788,Kareem Rozier,5.39974801531823,7.035871663959539
716,Colgate,1.1379999999999877,Nicolas Louis-Jacques,6.175015485001529,7.027167621931664
551,Morehead State,1.3109999999999795,Dieonte Miles,5.340720621925845,7.001684735344674
848,Longwood,1.0349999999999968,D'Avian Houston,6.756862466011218,6.993352652321589
627,St. Peter's,1.2259999999999809,Brent Bland,5.685201780261268,6.970057382600206
832,Mississippi State,1.0369999999999968,Dashawn Davis,6.639442142777454,6.885101502060198
877,Wagner,1.0209999999999984,Keyontae Lewis,6.692672509817674,6.833218632523835
562,Duquesne,1.3029999999999788,Andrei Savrasov,5.121326601291229,6.673088561482363
483,TCU,1.51599999999998,Chuck O'Bannon,4.391258427552997,6.657147776170256
818,Grambling,1.0679999999999945,Terrence Lewis,6.158586158591272,6.577370017375445
186,Duke,2.634999999999968,Sean Stewart,2.4854386327132207,6.549130797199257
332,Alabama,2.1829999999999683,Davin Cosby Jr.,2.973403293063758,6.49093938875809
10,UConn,5.2129999999999495,Jayden Ross,1.242093628082745,6.475034083195287
732,NC State,1.1339999999999886,Michael O'Connell,5.689413491968963,6.4517948998927395
537,Grand Canyon,1.3179999999999803,Lok Wur,4.833858861163673,6.371025979013626
399,Florida Atlantic,2.008999999999987,Tre Carroll,3.1437056328941955,6.315704616484398
120,Gonzaga,3.005999999999957,Jun Seok Yeo,2.0997551463233015,6.311863969847755
334,Alabama,2.1829999999999683,Mouhamed Dioubate,2.8879792672412403,6.3044587403875365
639,Western Kentucky,1.201999999999985,Teagan Moore,5.22604841794271,6.28171019836706
761,Long Beach State,1.0929999999999924,Messiah Thompson,5.694409815031086,6.223989927828933
315,Wisconsin,2.323999999999966,Connor Essegian,2.67626111281132,6.219630826173417
775,Akron,1.0879999999999928,Mikal Dawson,5.713187187875921,6.21594766040896
219,BYU,2.561999999999968,Trey Stewart,2.4134009837034487,6.1831333202481575
304,Saint Mary's,2.340999999999964,Rory Hawke,2.637825035587533,6.17514840831032
426,Colorado State,1.752999999999972,Rashaan Mbemba,3.5197338928684676,6.170093514198325
522,Nevada,1.33199999999998,Hunter McIntosh,4.6279326268313845,6.164406258939312
174,Iowa State,2.644999999999966,Omaha Biliew,2.323090583491968,6.144574593336176
359,South Carolina,2.060999999999967,Josh Gray,2.9741532539370903,6.1297298563642455
524,Nevada,1.33199999999998,Daniel Foster,4.593655511864115,6.118749141802909
333,Alabama,2.1829999999999683,Mohamed Wague,2.7905820009187643,6.091840508005574
651,Drake,1.1789999999999854,Colby Garland,5.14676822586481,6.068039738294536
134,Michigan State,2.9999999999999427,Jaxon Kohler,2.0198634246886384,6.059590274065799
147,Arizona,2.841999999999968,Filip Borvicanin,2.1299852049055565,6.0534179523415235
9,UConn,5.2129999999999495,Apostolos Roumoglou,1.161158371630868,6.053118591311656
640,Western Kentucky,1.201999999999985,Jalen Jackson,5.025828774768146,6.041046187271236
552,Morehead State,1.3109999999999795,Trent Scott,4.5800891196748665,6.004496835893656
146,Arizona,2.841999999999968,Paulius Murauskas,2.106384792764632,5.986345581037017
748,McNeese State,1.1009999999999909,CJ Felder,5.432744261649683,5.981451432076251
440,Utah State,1.6299999999999777,Javon Jackson,3.66445811923407,5.973066734351452
663,Northwestern,1.1749999999999876,Matthew Nicholson,5.081921170951969,5.971257375868501
700,Yale,1.1469999999999885,Nick Townsend,5.1688084911647785,5.9286233393659415
731,NC State,1.1339999999999886,Ben Middlebrooks,5.225553159957448,5.925777283391686
598,College of Charleston,1.2519999999999825,CJ Fulton,4.724920187310817,5.915600074513059
788,Samford,1.0789999999999944,Garrett Hicks,5.428831762424052,5.857709471655522
878,Wagner,1.0209999999999984,Tyje Kelton,5.719585146472935,5.8396964345488565
286,Dayton,2.34399999999997,Isaac Jack,2.4793852665418648,5.811679064774057
821,Grambling,1.0679999999999945,Jonathan Aku,5.419827860919198,5.788376155461673
849,Longwood,1.0349999999999968,Jesper Granlund,5.571989808325147,5.767009451616509
105,Tennessee,3.0819999999999634,Freddie Dilione,1.832085105330157,5.6464862946274765
413,Clemson,1.978999999999974,Joshua Beadle,2.8064097183674317,5.553884832649074
820,Grambling,1.0679999999999945,Mikale Stevenson,5.189454118765118,5.542336998841118
93,Baylor,3.1039999999999712,Miro Little,1.7667634067691025,5.484033614611243
275,Illinois,2.357999999999969,Dra Gibbs-Lawhorn,2.3130745416006953,5.4542297690943675
513,New Mexico,1.3899999999999797,Jemarl Baker,3.8981120141205654,5.418375699627507
613,UAB,1.234999999999984,Tony Toney,4.38319446028191,5.413245158448089
749,McNeese State,1.1009999999999909,Mike Saunders,4.911212472656905,5.407244932395207
538,Grand Canyon,1.3179999999999803,Jovan Blacksher,4.097132246720756,5.400020301177876
287,Dayton,2.34399999999997,Zimi Nwokeji,2.2992140260215965,5.389357676994553
159,Kansas,2.695999999999956,Parker Braun,1.9934254870322214,5.374275113038782
316,Wisconsin,2.323999999999966,Nolan Winter,2.3086110067677863,5.365211979728257
834,Mississippi State,1.0369999999999968,Jimmy Bell,5.117108718901973,5.306441741501329
260,Marquette,2.4399999999999675,Tre Norman,2.169778085704654,5.294258529119285
107,Tennessee,3.0819999999999634,Cameron Carr,1.715677264605202,5.28771732951317
790,Samford,1.0789999999999944,Nathan Johnson,4.889786238549467,5.276079351394848
187,Duke,2.634999999999968,TJ Power,1.999922335306207,5.269795353531791
485,TCU,1.51599999999998,Xavier Cork,3.4625611147325537,5.249242649934482
67,Purdue,3.6539999999999697,Sam King,1.436438762970365,5.24874723989367
863,Oakland,1.026999999999998,Isaiah Jones,5.087571467160714,5.224935896774043
160,Kansas,2.695999999999956,Jamari McDowell,1.9351873015605157,5.2172649650070655
776,Akron,1.0879999999999928,Shammah Scott,4.695913974268861,5.109154404004487
189,Duke,2.634999999999968,Christian Reeves,1.9290097417740835,5.082940669574648
387,Texas Tech,2.0189999999999912,Eemeli Yalaho,2.516708835066617,5.081235137999478
791,Samford,1.0789999999999944,Josh Holloway,4.639005151103085,5.005486558040203
565,Duquesne,1.3029999999999788,Tre Williams,3.8278912353821237,4.987742279702826
94,Baylor,3.1039999999999712,Jonathan Tchamwa Tchatchoua,1.6052115621428746,4.982576688891437
106,Tennessee,3.0819999999999634,J.P. Estrella,1.6062437298119918,4.9504431752805
718,Colgate,1.1379999999999877,Jalen Cox,4.348090438247642,4.948126918725762
41,UNC,4.045999999999906,Zayden High,1.2218511776660497,4.943609864836723
879,Wagner,1.0209999999999984,Rob Taylor II,4.820875653226216,4.922114041943959
564,Duquesne,1.3029999999999788,Dusan Mahorcic,3.7635047117351825,4.9038466393908635
733,NC State,1.1339999999999886,"Dennis Parker, Jr.",4.324062823966691,4.903487242378178
596,College of Charleston,1.2519999999999825,James Scott,3.8982179169206947,4.880568831984641
188,Duke,2.634999999999968,Jaylen Blakes,1.8506891222784687,4.876565837203706
81,Creighton,3.1699999999999644,Jasen Green,1.5371903636794708,4.872893452863868
276,Illinois,2.357999999999969,Amani Hansberry,2.05704387227144,4.850509450815992
360,South Carolina,2.060999999999967,Benjamin Bosmans-Verdonk,2.3378523001236386,4.818313590554743
414,Clemson,1.978999999999974,Dillon Hunter,2.4292607389503615,4.807507002382702
597,College of Charleston,1.2519999999999825,Jordan Crawford,3.829974795836181,4.795128444386831
54,Houston,3.934999999999965,Ryan Elvin,1.2156655671315992,4.783644006662801
719,Colgate,1.1379999999999877,Sam Thomson,4.190111709874642,4.76834712583729
376,Texas A&M,2.023999999999984,Wildens Leveque,2.3506426696391496,4.757700763349601
525,Nevada,1.33199999999998,Tyler Rolison,3.5716639599613638,4.757456394668465
39,UNC,4.045999999999906,Rob Landry,1.1757834961013076,4.75722002522578
175,Iowa State,2.644999999999966,Demarion Watson,1.7888201969318502,4.731429420884683
66,Purdue,3.6539999999999697,Brian Waddell,1.2945301922875596,4.730213322618703
362,South Carolina,2.060999999999967,Morris Ugusuk,2.292923909010954,4.725716176471501
11,UConn,5.2129999999999495,Andrew Hurley,0.9050716514384188,4.7181385189484315
318,Wisconsin,2.323999999999966,Carter Gilmore,2.018264286967304,4.690446202911946
361,South Carolina,2.060999999999967,Stephen Clark,2.2744667437349078,4.68767595883757
836,Mississippi State,1.0369999999999968,KeShawn Murphy,4.501182141942883,4.667725881194755
388,Texas Tech,2.0189999999999912,Lamar Washington,2.2997610617012674,4.643217583574839
261,Marquette,2.4399999999999675,Zaide Lowery,1.8845290378069388,4.59825085224887
40,UNC,4.045999999999906,James Okonkwo,1.1336573575992708,4.586777668846543
317,Wisconsin,2.323999999999966,Kamari McGee,1.973592532039051,4.586629044458688
789,Samford,1.0789999999999944,Riley Allenspach,4.249612137125274,4.585331495958147
68,Purdue,3.6539999999999697,Ethan Morton,1.2480310393874383,4.560305417921662
386,Texas Tech,2.0189999999999912,KyeRon Lindsay,2.2581475562599196,4.559199916088758
82,Creighton,3.1699999999999644,Josiah Dotzler,1.4306654100908505,4.535209349987945
717,Colgate,1.1379999999999877,Chandler Baker,3.949204932097929,4.494195212727394
454,Texas,1.6019999999999748,Ze'Rik Onyema,2.8033586670279163,4.490980584578651
850,Longwood,1.0349999999999968,Emanuel Richards,4.323779733636828,4.475112024314103
792,Samford,1.0789999999999944,Dallas Graziani,4.141956134730293,4.4691706693739635
374,Texas A&M,2.023999999999984,Eli Lawrence,2.203969995245065,4.460835270375976
499,James Madison,1.3909999999999758,Quincy Allen,3.1984326426801593,4.449019805968025
305,Saint Mary's,2.340999999999964,Chris Howell,1.8719328591298092,4.382194823222816
566,Duquesne,1.3029999999999788,Hassan Drame,3.354953115759482,4.3715039098345345
246,Florida,2.4449999999999648,Julian Rishwain,1.780732430223325,4.353890791895966
835,Mississippi State,1.0369999999999968,Trey Fort,4.192144607415306,4.347253957889659
689,Nebraska,1.1639999999999875,Sam Hoiberg,3.7293878302075045,4.341007434361488
888,Stetson,1.0079999999999998,Treyton Thompson,4.296236810763354,4.330606705249459
762,Long Beach State,1.0929999999999924,Amari Stroud,3.960702495736914,4.329047827840417
751,McNeese State,1.1009999999999909,Omar Cooper,3.9129315247357748,4.308137608734052
202,Auburn,2.617999999999969,Lior Berman,1.6371765568606462,4.286128225861121
750,McNeese State,1.1009999999999909,Dionjahe Thomas,3.8835448996904334,4.275782934559132
176,Iowa State,2.644999999999966,Kayden Fish,1.6154030406006166,4.272741042388575
233,Washington State,2.5209999999999675,Jabe Mullins,1.6891686125225904,4.258394072169396
375,Texas A&M,2.023999999999984,Bryce Lindsay,2.1015159041422464,4.253468189983873
121,Gonzaga,3.005999999999957,Colby Brooks,1.4074217901696682,4.230709901249962
837,Mississippi State,1.0369999999999968,Shawn Jones,4.063366789908322,4.2137113611349175
690,Nebraska,1.1639999999999875,Jarron Coleman,3.598280800308754,4.188398851559344
526,Nevada,1.33199999999998,Tylan Pope,3.1248027691409526,4.162237288495686
400,Florida Atlantic,2.008999999999987,Brenen Lorient,2.0710483216433966,4.160736078181557
720,Colgate,1.1379999999999877,Parker Jones,3.6361645591344134,4.137955268294918
345,San Diego State,2.123999999999972,Miles Heide,1.9433448440799639,4.127664448825789
664,Northwestern,1.1749999999999876,Luke Hunger,3.4421712509267692,4.044551219838911
277,Illinois,2.357999999999969,Niccolo Moretti,1.6896255527105082,3.984137053291326
808,Vermont,1.0699999999999943,Sam Alamutu,3.709886669670841,3.9695787365477786
688,Nebraska,1.1639999999999875,Eli Rice,3.390483269284074,3.9465225254466194
734,NC State,1.1339999999999886,MJ Rice,3.4672752075341347,3.931890085343669
777,Akron,1.0879999999999928,Tavari Johnson,3.6120982531003083,3.929962899373109
122,Gonzaga,3.005999999999957,Pavle Stosic,1.2926238850945349,3.8856273985941163
135,Michigan State,2.9999999999999427,Davis Smith,1.2951788211209057,3.8855364633626426
471,Oregon,1.537999999999972,Mahamadou Diawara,2.5170999228314215,3.871299681314656
108,Tennessee,3.0819999999999634,Cade Phillips,1.2539472765195674,3.8646655062332607
889,Stetson,1.0079999999999998,Tristan Gross,3.8175675214951643,3.8481080616671246
676,South Dakota State,1.171999999999987,Nate Barnhart,3.2792081661460917,3.843231970723177
880,Wagner,1.0209999999999984,Di'Andre Howell-South,3.7629928145875673,3.8420156636939
441,Utah State,1.6299999999999777,Kalifa Sakho,2.3457055386173433,3.8235000279462175
161,Kansas,2.695999999999956,Michael Jankovich,1.4161341864672312,3.8178977667155936
486,TCU,1.51599999999998,Essam Mostafa,2.518222437184789,3.81762521477209
809,Vermont,1.0699999999999943,Jace Roquemore,3.5668132200471154,3.816490145450393
653,Drake,1.1789999999999854,Kyron Gibson,3.215988174828465,3.791650058122713
778,Akron,1.0879999999999928,Kaleb Thornton,3.467586234837987,3.772733823503705
307,Saint Mary's,2.340999999999964,Jordan Ross,1.595436372614284,3.7349165482899815
221,BYU,2.561999999999968,Townsend Tripple,1.4521684024598032,3.720455447101969
652,Drake,1.1789999999999854,Nate Ferguson,3.1533219555636265,3.7177665856094695
614,UAB,1.234999999999984,James White,3.0012878147755515,3.7065904512477585
55,Houston,3.934999999999965,Cedric Lath,0.9266532232721175,3.64638043357575
881,Wagner,1.0209999999999984,Seck Zongo,3.547906783804515,3.6224128262644038
12,UConn,5.2129999999999495,Andre Johnson,0.6939492440137266,3.617557409043522
599,College of Charleston,1.2519999999999825,Khalil London,2.8885616138460932,3.616479140535258
555,Morehead State,1.3109999999999795,Jerone Morton,2.7543507587499,3.6109538447210623
582,Colorado,1.2569999999999824,RJ Smith,2.8623485760337166,3.597972160074331
442,Utah State,1.6299999999999777,Karson Templin,2.1941266769870813,3.5764264834888935
677,South Dakota State,1.171999999999987,Matthew Mors,2.989147144416287,3.5032804532558495
701,Yale,1.1469999999999885,Casey Simmons,3.0382165707171573,3.4848344066125443
288,Dayton,2.34399999999997,Brady Uhl,1.4821330198578286,3.474119798546706
13,UConn,5.2129999999999495,Youssouf Singare,0.6646057082509879,3.464589557112366
539,Grand Canyon,1.3179999999999803,Sydney Curry,2.62809367838579,3.4638274681124193
83,Creighton,3.1699999999999644,Johnathan Lawson,1.0912760522894152,3.4593450857574073
346,San Diego State,2.123999999999972,BJ Davis,1.6200021591481386,3.4408845860306014
752,McNeese State,1.1009999999999909,Cameron Jones,3.1099813846317774,3.4240895044795585
890,Stetson,1.0079999999999998,Cyncier Harrison,3.385708943536346,3.412794615084636
95,Baylor,3.1039999999999712,Austin Sacks,1.099140122266437,3.411730939514989
427,Colorado State,1.752999999999972,Kyle Evans,1.9403279650450438,3.4013949227239073
628,St. Peter's,1.2259999999999809,Stephon Roberts,2.752349968497599,3.374381061378004
430,Colorado State,1.752999999999972,Kyan Evans,1.9097988779623392,3.347877433067927
567,Duquesne,1.3029999999999788,Jakub Necas,2.556397813262964,3.330986350681588
553,Morehead State,1.3109999999999795,Zach Iyeyemi,2.5398462526639642,3.3297384372424053
319,Wisconsin,2.323999999999966,Markus Ilver,1.4269618415403578,3.316259319739743
540,Grand Canyon,1.3179999999999803,Josh Baker,2.5117330279058843,3.310464130779906
262,Marquette,2.4399999999999675,Al Amadou,1.3544472958704077,3.304851401923751
401,Florida Atlantic,2.008999999999987,Alejandro Ralat,1.6439530693653572,3.3027017163549814
289,Dayton,2.34399999999997,Petras Padegimas,1.4007356906601278,3.283324458907298
306,Saint Mary's,2.340999999999964,Kevin Gad,1.401518801513336,3.2809555143426694
27,Kentucky,4.627999999999955,Grant Darbyshire,0.7072168422416414,3.2729995458942844
428,Colorado State,1.752999999999972,Taviontae Jackson,1.8589090187393782,3.2586675098500777
42,UNC,4.045999999999906,Duwe Farris,0.7905328666611352,3.198495978510879
247,Florida,2.4449999999999648,Kajus Kublickas,1.3040778151541161,3.188470258051768
26,Kentucky,4.627999999999955,Brennan Canada,0.6833245146092475,3.1624258536115666
822,Grambling,1.0679999999999945,Jimel Cofer,2.953646942784167,3.1544949348934743
43,UNC,4.045999999999906,Creighton Lebo,0.777438933889275,3.1455179265159336
443,Utah State,1.6299999999999777,Jackson Grant,1.9289200043865657,3.144139607150059
69,Purdue,3.6539999999999697,Carson Barrett,0.8589432044934266,3.138578469218955
528,Nevada,1.33199999999998,Jazz Gardner,2.353787564282558,3.1352450356243207
665,Northwestern,1.1749999999999876,Blake Smith,2.646919230416558,3.110130095739423
703,Yale,1.1469999999999885,Yassine Gharram,2.7025067671100933,3.0997752618752457
864,Oakland,1.026999999999998,Tuburu Naivalurua,3.0172456984807496,3.0987113323397235
123,Gonzaga,3.005999999999957,Joe Few,1.0262593336429127,3.0849355569305517
838,Mississippi State,1.0369999999999968,Andrew Taylor,2.9724789152205586,3.08246063508371
28,Kentucky,4.627999999999955,Walker Horn,0.6646355302258039,3.0759332338849905
793,Samford,1.0789999999999944,Lukas Walls,2.8430361731222287,3.067636030798869
583,Colorado,1.2569999999999824,Javon Ruffin,2.438516695808662,3.065215486631445
363,South Carolina,2.060999999999967,Eli Sparkman,1.4797372865149048,3.04973854750717
516,New Mexico,1.3899999999999797,Isaac Mushila,2.191862367177639,3.0466886903768735
25,Kentucky,4.627999999999955,Joey Hart,0.6572491300640783,3.0417489739365244
615,UAB,1.234999999999984,KJ Satterfield,2.4611813326796117,3.0395589458592815
541,Grand Canyon,1.3179999999999803,Isaiah Shaw,2.2939959540636483,3.023486667455843
335,Alabama,2.1829999999999683,Kai Spears,1.3703486581249489,2.99147112068672
514,New Mexico,1.3899999999999797,Braden Appelhans,2.144296924044072,2.980572724421217
148,Arizona,2.841999999999968,Conrad Martinez,1.0468704350215714,2.9752057763312725
70,Purdue,3.6539999999999697,Chase Martin,0.8048310231885604,2.9408525587309753
290,Dayton,2.34399999999997,C.J. Napier,1.2503929224161774,2.9309210101434826
753,McNeese State,1.1009999999999909,Roberts Berze,2.6532719812792758,2.9212524513884586
308,Saint Mary's,2.340999999999964,Cade Bennett,1.2343945537025602,2.889717650217649
763,Long Beach State,1.0929999999999924,Isael Silva,2.579698351493211,2.8196102981820603
554,Morehead State,1.3109999999999795,George Marshall,2.1352121812653797,2.799263169638869
429,Colorado State,1.752999999999972,Javonte Johnson,1.5869985518126857,2.7820084613275933
569,Duquesne,1.3029999999999788,Matus Hronsky,2.1215244033628116,2.7643462975816986
162,Kansas,2.695999999999956,Patrick Cassidy,1.0150299383350943,2.7365207137513696
568,Duquesne,1.3029999999999788,Halil Barre,2.0774995282333477,2.706981885288008
163,Kansas,2.695999999999956,Wilder Evers,1.0015250088592984,2.7001114238846244
854,Longwood,1.0349999999999968,Trey Hicks,2.591794503055275,2.6825073106622015
810,Vermont,1.0699999999999943,Brenton Mills,2.502784351690611,2.6779792563089395
29,Kentucky,4.627999999999955,Kareem Watkins,0.5684541776415885,2.6308059341252457
109,Tennessee,3.0819999999999634,Colin Coyne,0.8514962100069071,2.6243113192412566
851,Longwood,1.0349999999999968,Johan Nziemi,2.5248296217293156,2.6131986584898335
702,Yale,1.1469999999999885,Luke Kolaja,2.261486953500234,2.5939255356647424
735,NC State,1.1339999999999886,LJ Thomas,2.2854892233064725,2.5917447792295136
666,Northwestern,1.1749999999999876,Blake Preston,2.162282561765129,2.5406820100739997
527,Nevada,1.33199999999998,Isaac Hymes,1.8908864470065463,2.518660747412682
71,Purdue,3.6539999999999697,Josh Furst,0.6864307923345322,2.5082181151903598
795,Samford,1.0789999999999944,Zach Loveday,2.318532380695145,2.5016964387700487
191,Duke,2.634999999999968,Neal Begovich,0.947948111090993,2.497843272724736
402,Florida Atlantic,2.008999999999987,Leo Beath,1.241177546254073,2.4935256904244167
444,Utah State,1.6299999999999777,Nigel Burris,1.5271512905757654,2.4892566036384633
501,James Madison,1.3909999999999758,Bryant Randleman,1.7883535800357202,2.4875998298296436
110,Tennessee,3.0819999999999634,Grant Hurst,0.8060891413469861,2.4843667336313815
515,New Mexico,1.3899999999999797,Quinton Webb,1.7802023251241292,2.4744812319225034
222,BYU,2.561999999999968,Jared McGregor,0.9546201220336735,2.445736752650241
721,Colgate,1.1379999999999877,Sam Wright,2.1487587741414447,2.445287484972938
348,San Diego State,2.123999999999972,Cade Alger,1.1367752040030021,2.414510533302345
500,James Madison,1.3909999999999758,Jerell Roberson,1.7345488682579364,2.412757475746748
320,Wisconsin,2.323999999999966,Isaac Lindsey,1.0310171103574413,2.3960837644706587
190,Duke,2.634999999999968,Spencer Hubbard,0.9071545967863425,2.390352362531983
794,Samford,1.0789999999999944,Chandler Leopard,2.200987795800252,2.3748658316684597
678,South Dakota State,1.171999999999987,Bubz Alvarez,2.0171272813712213,2.364073173767045
377,Texas A&M,2.023999999999984,Jaelyn Lee,1.1668070871887744,2.3616175444700604
654,Drake,1.1789999999999854,Carlos Rosario,2.001772261267991,2.360089496034932
203,Auburn,2.617999999999969,Blake Muschalek,0.8989191142041429,2.3533702409864183
364,South Carolina,2.060999999999967,Ebrima Dibba,1.1401206537618434,2.3497886674031214
349,San Diego State,2.123999999999972,Demarshay Johnson,1.0890727929728405,2.313190612274283
177,Iowa State,2.644999999999966,Cade Kelderman,0.8732385195763717,2.3097158842794734
415,Clemson,1.978999999999974,Bas Leyte,1.167013208886643,2.309519140386636
852,Longwood,1.0349999999999968,Jaylen Benard,2.2280252118226738,2.3060060942364604
149,Arizona,2.841999999999968,Luke Champion,0.8102313838381876,2.302677592868103
295,Dayton,2.34399999999997,Malachi Smith,0.9821684768065058,2.30220290963442
347,San Diego State,2.123999999999972,Cam Lawin,1.0818425397923717,2.2978335545189674
823,Grambling,1.0679999999999945,Zahad Munford,2.14980423980976,2.295990928116812
755,McNeese State,1.1009999999999909,T'Johnn Brown,2.0688688740449637,2.277824630323486
263,Marquette,2.4399999999999675,Jonah Lucas,0.931527406841047,2.2729268726921243
865,Oakland,1.026999999999998,Tone Hunter,2.209290527824245,2.268941372075495
164,Kansas,2.695999999999956,Dillon Wilhite,0.831404976245899,2.241467815958907
584,Colorado,1.2569999999999824,Bangot Dak,1.7826341596089845,2.240771138628462
754,McNeese State,1.1009999999999909,Wesley Fields,2.026329357423641,2.23098862252341
704,Yale,1.1469999999999885,Samson Aletan,1.9429192105545319,2.228528334506026
891,Stetson,1.0079999999999998,Jackson Huxtable,2.2085285059975117,2.2261967340454913
764,Long Beach State,1.0929999999999924,Varrick Lewis,2.032451205537309,2.221469167652263
542,Grand Canyon,1.3179999999999803,Derrick Michael Xzavierro,1.6753376657349865,2.2080950434386795
150,Arizona,2.841999999999968,Will Menaugh,0.7707433493985664,2.190452598990701
600,College of Charleston,1.2519999999999825,Mayar Wol,1.72203982829325,2.155993865023119
824,Grambling,1.0679999999999945,Quintin Murrell,2.018367745055923,2.155616751719715
151,Arizona,2.841999999999968,Grant Weitman,0.7582250676688274,2.1548756423147832
629,St. Peter's,1.2259999999999809,Elijah Wood,1.7496577516854876,2.145080403566374
779,Akron,1.0879999999999928,Amani Lyles,1.9686653066779796,2.1419078536656273
136,Michigan State,2.9999999999999427,Steven Izzo,0.7086154221606256,2.1258462664818363
336,Alabama,2.1829999999999683,Max Scharnowski,0.9698961123395927,2.1172832132373003
248,Florida,2.4449999999999648,Bennett Andersen,0.8633605283815279,2.110916491892805
811,Vermont,1.0699999999999943,Seth Joba,1.960386885254389,2.097613967222185
351,San Diego State,2.123999999999972,Ryan Schwarz,0.9866107712381341,2.0955612781097694
892,Stetson,1.0079999999999998,Giancarlo Valdez,2.074732222693114,2.0913300804746586
72,Purdue,3.6539999999999697,Jace Rayl,0.5720823900127797,2.0903890531066796
585,Colorado,1.2569999999999824,Assane Diop,1.6603361982519795,2.087042601202709
813,Vermont,1.0699999999999943,Jackson Skipper,1.938888684972033,2.0746108929200644
445,Utah State,1.6299999999999777,Landon Brenchley,1.2698922154157926,2.0699243111277137
137,Michigan State,2.9999999999999427,Nick Sanders,0.6859280429310357,2.057784128793068
630,St. Peter's,1.2259999999999809,Elijah Perkins,1.6728892002763571,2.050962159538782
223,BYU,2.561999999999968,Tanner Hayhurst,0.7933422971262069,2.0325429652373166
205,Auburn,2.617999999999969,Jalen Harper,0.7748126007399194,2.028459388737085
431,Colorado State,1.752999999999972,Jack Payne,1.1550585773721511,2.0248176861333484
279,Illinois,2.357999999999969,Max Williams,0.8546473103875053,2.015258357893711
455,Texas,1.6019999999999748,Chris Johnson,1.2556062421358065,2.0114811999015303
403,Florida Atlantic,2.008999999999987,Isaiah Gaines,0.9983100773490239,2.005604945394176
278,Illinois,2.357999999999969,AJ Redd,0.848920649051225,2.0017548904627622
416,Clemson,1.978999999999974,Andrew Latiff,1.0085829164198872,1.9959855915949305
472,Oregon,1.537999999999972,Mookie Cook,1.2849316564982676,1.9762248876942996
206,Auburn,2.617999999999969,Haston Alexander,0.7504187057944449,1.9645961717698335
642,Western Kentucky,1.201999999999985,Fallou Diagne,1.6319768113925681,1.9616361272938425
812,Vermont,1.0699999999999943,Michel Ndayishimiye,1.8320936949898277,1.960340253639105
679,South Dakota State,1.171999999999987,Tanner Te Slaa,1.6664747427014452,1.9531083984460722
853,Longwood,1.0349999999999968,Saxby Sunderland,1.8720786914929222,1.9376014456951685
839,Mississippi State,1.0369999999999968,Gai Chol,1.8678524259057834,1.9369629656642915
655,Drake,1.1789999999999854,Eric Northweather,1.6350665725508817,1.9277434890374656
722,Colgate,1.1379999999999877,Kyle Carlesimo,1.6880046659797197,1.9209493098849002
208,Auburn,2.617999999999969,Carter Sobera,0.7331537044403467,1.9193963982248048
766,Long Beach State,1.0929999999999924,Jason Hart,1.7538277704081366,1.9169337530560802
781,Akron,1.0879999999999928,Evan Wilson,1.7499010658155871,1.903892359607346
321,Wisconsin,2.323999999999966,Chris Hodges,0.8146484674134044,1.8932430382687242
643,Western Kentucky,1.201999999999985,Jack Edelen,1.57197232534466,1.889510735064258
617,UAB,1.234999999999984,Will Shaver,1.5248053708508356,1.8831346330007577
705,Yale,1.1469999999999885,Jack Molloy,1.6392659141555468,1.8802380035363933
204,Auburn,2.617999999999969,Addarin Scott,0.7161701621623014,1.874933484540883
571,Duquesne,1.3029999999999788,Kailon Nicholls,1.434011717822032,1.8685172683220772
517,New Mexico,1.3899999999999797,Sebastian Forsling,1.3391755270090293,1.8614539825425236
234,Washington State,2.5209999999999675,AJ Rohosy,0.73784502472493,1.8601073073315244
456,Texas,1.6019999999999748,Devon Pryor,1.1606478833429545,1.859357909115384
111,Tennessee,3.0819999999999634,Kaylan Makan,0.6028264020723262,1.8579109711868873
893,Stetson,1.0079999999999998,Landen Babusiak,1.8369878787768732,1.8516837818070877
207,Auburn,2.617999999999969,Presley Patterson,0.7066842035217602,1.8500992448199463
235,Washington State,2.5209999999999675,Dylan Darling,0.7337699042930491,1.849833928722753
641,Western Kentucky,1.201999999999985,Jaylen Dorsey,1.5228857798496003,1.8305087073791968
616,UAB,1.234999999999984,Barry Dunning,1.4757447076718988,1.8225447139747715
570,Duquesne,1.3029999999999788,Andy Barba,1.3982024074146748,1.8218577368612918
487,TCU,1.51599999999998,Tyler Lundblade,1.2005420899449541,1.8200218083565265
765,Long Beach State,1.0929999999999924,Chayce Polynice,1.651191484362811,1.80475229240854
266,Marquette,2.4399999999999675,Jack Riley,0.7381643801820921,1.8011210876442807
708,Yale,1.1469999999999885,Teo Rice,1.5671845599711518,1.797560690286893
543,Grand Canyon,1.3179999999999803,Marquese Josephs,1.3595329959270592,1.7918644886318373
488,TCU,1.51599999999998,Darius Ford,1.1794755521667222,1.7880849370847272
389,Texas Tech,2.0189999999999912,Jack Francis,0.8831345701917188,1.7830486972170725
737,NC State,1.1339999999999886,Kam Woods,1.572339399740247,1.7830328793054222
178,Iowa State,2.644999999999966,Conrad Hawley,0.673410971919906,1.7811720207281283
894,Stetson,1.0079999999999998,Finley Sheridan,1.7638822856488279,1.777993343934018
390,Texas Tech,2.0189999999999912,D'maurian Williams,0.87869014965835,1.774075412160201
502,James Madison,1.3909999999999758,Jarrell Pope,1.2751038716044576,1.7736694854017696
780,Akron,1.0879999999999928,Ryan Prather,1.624062026308394,1.766979484623521
840,Mississippi State,1.0369999999999968,Jaquan Scott,1.6973116448375065,1.7601121756964888
706,Yale,1.1469999999999885,Devon Arlington,1.5292000220002193,1.7539924252342338
251,Florida,2.4449999999999648,Jack May,0.7138548818284561,1.74537518607055
291,Dayton,2.34399999999997,Atticus Schuler,0.738131667380049,1.7301806283388128
265,Marquette,2.4399999999999675,Casey O'Malley,0.7048222714158112,1.7197663422545564
855,Longwood,1.0349999999999968,Leo Nordberg,1.6532448758779337,1.7111084465336561
236,Washington State,2.5209999999999675,Ben Olesen,0.6740165710406555,1.6991957755934706
866,Oakland,1.026999999999998,Michael Rogers,1.639646785373718,1.683917248578805
645,Western Kentucky,1.201999999999985,BJ Marable,1.3892768508264952,1.6699107746934265
896,Stetson,1.0079999999999998,Alex Doyle,1.6544141821083906,1.6676494955652574
707,Yale,1.1469999999999885,Trevor Mullin,1.4538151386830944,1.6675259640694926
292,Dayton,2.34399999999997,Evan Dickey,0.7090583798166802,1.6620328422902773
264,Marquette,2.4399999999999675,Cameron Brown,0.6785924118002491,1.6557654847925858
544,Grand Canyon,1.3179999999999803,Noah Amenhauser,1.243838991051007,1.6393797902052027
586,Colorado,1.2569999999999824,Harrison Carrington,1.2981071055415354,1.6317206316656871
165,Kansas,2.695999999999956,Chris Carter,0.602512839624728,1.6243746156282404
529,Nevada,1.33199999999998,Jeriah Coleman,1.1954722597051128,1.5923690499271865
602,College of Charleston,1.2519999999999825,Evan Kilminster,1.264318273996794,1.5829264790439639
457,Texas,1.6019999999999748,Alex Anamekwe,0.9864577581582715,1.580305328569526
250,Florida,2.4449999999999648,Alex Klatsky,0.641127800375289,1.5675574719175591
736,NC State,1.1339999999999886,Breon Pass,1.3714062324239849,1.5551746675687832
350,San Diego State,2.123999999999972,Desai Lopez,0.7298782678843712,1.550261440986384
293,Dayton,2.34399999999997,Makai Grant,0.6563097014552205,1.5383899402110173
432,Colorado State,1.752999999999972,Luke Murphy,0.8759147888832448,1.5354786249123036
691,Nebraska,1.1639999999999875,Matar Diop,1.2926298709277075,1.5046211697598355
825,Grambling,1.0679999999999945,William Reynolds,1.3970505755828744,1.4920500147225022
294,Dayton,2.34399999999997,Will Maxwell,0.6340987945267971,1.4863275743707933
897,Stetson,1.0079999999999998,Bruce Kanno,1.4603217898118768,1.4720043641303715
782,Akron,1.0879999999999928,Zach Halligan,1.349898576300727,1.4686896510151812
867,Oakland,1.026999999999998,Osei Price,1.419462738452927,1.457788232391153
656,Drake,1.1789999999999854,Andrew Alia,1.231996049668089,1.452523342558659
680,South Dakota State,1.171999999999987,Jack Hastreiter,1.2391311487609036,1.452261706347763
249,Florida,2.4449999999999648,Cooper Josefsberg,0.5892412284113487,1.440694803465727
895,Stetson,1.0079999999999998,Naeem Lewis,1.4119180341879796,1.423213378461483
841,Mississippi State,1.0369999999999968,Adrian Myers,1.3627642941768126,1.4131865730613502
545,Grand Canyon,1.3179999999999803,Malcolm Flaggs,1.0713430831855262,1.4120301836385023
601,College of Charleston,1.2519999999999825,Spencer Legg,1.1273233573785229,1.4114088434378909
323,Wisconsin,2.323999999999966,Luke Haertle,0.604534702697651,1.4049386490693203
418,Clemson,1.978999999999974,Daniel Nauseef,0.7008887510482456,1.3870588383244598
709,Yale,1.1469999999999885,Yussif Basa-Ama,1.203685190610014,1.3806269136296723
644,Western Kentucky,1.201999999999985,Tyler Olden,1.1332709071089209,1.362191630344906
723,Colgate,1.1379999999999877,Julian Scott,1.1953374218733743,1.3602939860918852
530,Nevada,1.33199999999998,Amire Robinson,1.0209325494364516,1.3598821558493333
417,Clemson,1.978999999999974,Matt Kelly,0.6857020537224199,1.357004364316651
503,James Madison,1.3909999999999758,Hollman Smith,0.9712742374888788,1.351042464347007
668,Northwestern,1.1749999999999876,Jordan Clayton,1.1395830413938735,1.3390100736377872
796,Samford,1.0789999999999944,Grayson Walters,1.2404899631286792,1.3384886702158378
710,Yale,1.1469999999999885,Emir Buyukhanli,1.1579591401015097,1.3281791336964182
365,South Carolina,2.060999999999967,Danny Grajzl,0.6433056883755026,1.3258530237418897
898,Stetson,1.0079999999999998,Isaac Jones,1.311997382006966,1.3224933610630214
322,Wisconsin,2.323999999999966,Isaac Gard,0.5562172205733369,1.292648820612416
797,Samford,1.0789999999999944,Paulie Stramaglia,1.1946518517958866,1.289029348087755
769,Long Beach State,1.0929999999999924,Eli Djordjevic,1.164978880187881,1.2733219160453453
589,Colorado,1.2569999999999824,Jack Pease,1.009853475275147,1.2693858184208417
458,Texas,1.6019999999999748,Gavin Perryman,0.7884632630984494,1.263118147483696
826,Grambling,1.0679999999999945,Malik Lamin,1.1780416070240092,1.2581484363016353
459,Texas,1.6019999999999748,Cole Bott,0.7852194412872504,1.2579215449421552
657,Drake,1.1789999999999854,Brashon Hall,1.0554065573375113,1.2443243311009105
531,Nevada,1.33199999999998,Snookey Wigington,0.932907966460343,1.2426334113251583
692,Nebraska,1.1639999999999875,Cale Jacobsen,1.067259819655381,1.2422904300788502
667,Northwestern,1.1749999999999876,Justin Mullins,1.0376694841030965,1.2192616438211255
504,James Madison,1.3909999999999758,Shane Feden,0.8668041007870716,1.2057245041947957
724,Colgate,1.1379999999999877,Cooper Wright,1.0563855280711953,1.2021667309450073
619,UAB,1.234999999999984,Ryan Donohoo,0.959595758873988,1.18510076220936
404,Florida Atlantic,2.008999999999987,Jack Johnson,0.5794972352872506,1.164209945692079
827,Grambling,1.0679999999999945,Elvis Nnaji,1.0822260970990958,1.1558174717018284
572,Duquesne,1.3029999999999788,Ethan Anish,0.8865382142293561,1.1551592931408323
473,Oregon,1.537999999999972,James Cooper,0.7421212344862052,1.1413824586397627
767,Long Beach State,1.0929999999999924,Jeffrey Yan,1.0298322446667174,1.1256066434207144
868,Oakland,1.026999999999998,Cooper Craggs,1.088391035671962,1.1177775936351027
869,Oakland,1.026999999999998,Aundre Polk,1.0850250800365921,1.114320757197578
489,TCU,1.51599999999998,Cole Despie,0.7276988534714388,1.1031914618626868
694,Nebraska,1.1639999999999875,Henry Burt,0.9421094371432198,1.096615384834696
738,NC State,1.1339999999999886,Ernest Ross,0.9581402198844438,1.0865310093489482
505,James Madison,1.3909999999999758,Aidan Mckeon,0.7779563094548001,1.082137226451608
460,Texas,1.6019999999999748,Preston Clark,0.6708720547265219,1.0747370316718712
798,Samford,1.0789999999999944,Owen LaRocca,0.9792347014978137,1.0565942429161355
882,Wagner,1.0209999999999984,Damien Mazil,1.0265196170266622,1.0480765289842204
556,Morehead State,1.3109999999999795,Brady Dingess,0.7982179804764545,1.0464637724046155
856,Longwood,1.0349999999999968,Mateo Esmeraldo,0.9766697302653888,1.0108531708246744
603,College of Charleston,1.2519999999999825,Adam Comer,0.7787020493707212,0.9749349658121292
476,Oregon,1.537999999999972,Andre Warren,0.6303189189246237,0.9694304973060536
474,Oregon,1.537999999999972,Gabe Reichle,0.619704380482589,0.9531053371822046
768,Long Beach State,1.0929999999999924,Maddox Monson,0.8681798627473228,0.9489205899828173
574,Duquesne,1.3029999999999788,Lucas Perusek,0.7244994074095935,0.944022727854685
604,College of Charleston,1.2519999999999825,Jack Miller,0.7258557659803015,0.9087714190073248
725,Colgate,1.1379999999999877,Alex Capitano,0.795879090187115,0.9057104046329271
475,Oregon,1.537999999999972,Kaleb McCloud,0.58283380189071,0.8963983873078957
693,Nebraska,1.1639999999999875,Jeff Grace,0.7611419778505389,0.8859692622180179
490,TCU,1.51599999999998,Trey Stuart,0.5798924183309048,0.87911690618964
842,Mississippi State,1.0369999999999968,Isaac Stansbury,0.8326934977659108,0.8635031571832469
573,Duquesne,1.3029999999999788,Seamus McDermott,0.6544606108438477,0.8527621759295196
588,Colorado,1.2569999999999824,Joe Hurlburt,0.6778834071347273,0.8520994427683403
605,College of Charleston,1.2519999999999825,Dylan Ritter,0.6458840831399929,0.8086468720912597
618,UAB,1.234999999999984,Jon Coleman,0.6359477741331258,0.7853955010544001
741,NC State,1.1339999999999886,Jordan Snell,0.6904235180003563,0.7829402694123961
800,Samford,1.0789999999999944,Thomas Kizer,0.7236309586865051,0.7807978044227349
739,NC State,1.1339999999999886,KJ Keatts,0.6593582344816091,0.7477122379021373
587,Colorado,1.2569999999999824,Greg Gerhardt,0.5870690144063109,0.7379457511087224
669,Northwestern,1.1749999999999876,Gus Hurlburt,0.6271361547289435,0.7368849818065007
740,NC State,1.1339999999999886,Alex Nunnally,0.5936128099376939,0.6731569264693381
870,Oakland,1.026999999999998,Evan Solomon,0.6370007749741636,0.6541997958984648
799,Samford,1.0789999999999944,Joshua Hughes,0.5872712782930779,0.6336657092782277
