,Player,Team,GS,MP,FGA,PTS
0,Antonio Reeves,Kentucky,2.6285850473538215,2.647710838791201,2.650114118933672,9.903128562117903
1,Rob Dillingham,Kentucky,1.6979371214616465,1.6657020329594936,1.6828584951104257,7.435722949085079
2,Reed Sheppard,Kentucky,1.166535558554331,1.1529938286422938,1.1502046437435585,6.082471590414867
3,Tre Mitchell,Kentucky,0.8597697473025074,0.889767104312074,0.8421011261118865,5.22849277649298
4,D.J. Wagner,Kentucky,0.7236317714725428,0.7123644105405443,0.7413074615194519,4.886368965007348
5,Justin Edwards,Kentucky,0.5142855487011992,0.5256433791946935,0.5324653674361352,4.234651045433201
6,Adou Thiero,Kentucky,0.18021863646951403,0.21377884103141145,0.23696000186703756,3.468901332675857
7,Zvonimir Ivisic,Kentucky,-0.14601426892868122,-0.08907148132992364,-0.15521241552630835,2.5554836191091166
8,Aaron Bradshaw,Kentucky,-0.193572153640882,-0.24132224255763465,-0.1991443098235832,2.3116022378381786
9,Ugonna Onyenso,Kentucky,-0.45360846126440507,-0.4709499936780823,-0.5098062375495738,1.6363295600112588
10,Jordan Burks,Kentucky,-0.8051480088080412,-0.8227200049351359,-0.8292992837365991,0.7969605534083457
11,Joey Hart,Kentucky,-1.0559647314005436,-1.0377133956962055,-1.0680307697725897,0.1193197128323118
12,Brennan Canada,Kentucky,-1.1716274694969524,-1.1416716154587732,-1.138666138842644,-0.2034127294559105
13,Grant Darbyshire,Kentucky,-1.1561428698810228,-1.1934508217568451,-1.1641290663353419,-0.13263219483584976
14,Walker Horn,Kentucky,-1.12225620200483,-1.2112496504697978,-1.1933056203297292,-0.09152501739932273
15,Kareem Watkins,Kentucky,-1.1328911560948078,-1.1442689094416822,-1.1065335662804434,-0.10606780308848718
16,Josh Hubbard,Mississippi State,2.055730982956342,2.083580245038978,2.1068163841725194,8.495042343425485
17,Tolu Smith,Mississippi State,1.6476129434393212,1.6336906847763493,1.6422993574854579,7.262243521467011
18,Cameron Matthews,Mississippi State,0.6093282590246517,0.5862337975535035,0.5515444669130637,4.456945994752434
19,Shakeel Moore,Mississippi State,0.34099375756584055,0.3594408740905974,0.34002134489854935,3.7690613640961557
20,Dashawn Davis,Mississippi State,0.1450658495059653,0.12176476180050211,0.1191044053039837,3.2359526784907433
21,D.J. Jeffries,Mississippi State,0.03823697925667955,0.1003038713702877,0.09527884539100816,3.181388864937011
22,Jimmy Bell,Mississippi State,-0.2232988823366609,-0.27391254356366895,-0.17460683229746954,2.3192521831505943
23,Trey Fort,Mississippi State,-0.22338866929035273,-0.19718472468244547,-0.2268585035966459,2.4305035244454807
24,KeShawn Murphy,Mississippi State,-0.28235506213175204,-0.25483984244350283,-0.25101292888753135,2.141022783529842
25,Shawn Jones,Mississippi State,-0.2715521751277297,-0.27788991514954064,-0.2817197730929728,2.1024365100414903
26,Andrew Taylor,Mississippi State,-0.4041034423428269,-0.4344544835887531,-0.3900550093260313,1.9835370413133426
27,Gai Chol,Mississippi State,-0.7788878543146284,-0.7528016198019205,-0.7706384344748262,0.9193424547807876
28,Jaquan Scott,Mississippi State,-0.9486388869013387,-0.9553963499621034,-0.8970241503482724,0.4878194804425826
29,Adrian Myers,Mississippi State,-0.951971912251351,-0.9870545524066233,-0.9561070028262565,0.4627806047171128
30,Isaac Stansbury,Mississippi State,-1.1687877607901358,-1.1460278071503651,-1.1945059174191521,-0.22374606947777442
31,Jarod Lucas,Nevada,2.1561217316219343,2.174988143297333,2.1630534589041286,8.710301919674851
32,Kenan Blackshear,Nevada,1.7103474165708914,1.6265161902312864,1.6972411003374852,7.418897684125859
33,Nick Davidson,Nevada,1.1018172724389466,1.109816218062809,1.1527791977656596,5.850321224474923
34,Tre Coleman,Nevada,0.42398773079478963,0.4708490883949976,0.41167026025433057,4.110961237462946
35,Hunter McIntosh,Nevada,-0.05911639019887359,-0.03506818511941609,-0.08143990200920742,2.807586862817889
36,K.J. Hymes,Nevada,-0.0825615976107105,-0.08270558385594363,-0.08380789289352843,2.5985786959693846
37,Daniel Foster,Nevada,-0.3445384913213474,-0.3191312331216228,-0.30861314467499124,1.9518719621343361
38,Tyler Rolison,Nevada,-0.4228391441891315,-0.4168551394169902,-0.44706132234317214,1.674780086997042
39,Tylan Pope,Nevada,-0.4560058557118398,-0.4448875506764069,-0.4851914208745172,1.7297493591377409
40,Isaac Hymes,Nevada,-0.6242735659021338,-0.6212381268113603,-0.6159886607412004,1.282270630450611
41,Jazz Gardner,Nevada,-0.6878965773753276,-0.6494212382856077,-0.6411288742772632,1.185331764529716
42,Jeriah Coleman,Nevada,-0.9722299836350125,-0.9928926188041147,-1.0153494228380269,0.20676346678259439
43,Amire Robinson,Nevada,-1.065896719761039,-1.0558879934542749,-1.0786644203958595,0.07328951248736537
44,Snookey Wigington,Nevada,-1.1135317571779888,-1.138672709478272,-1.1087032727372912,-0.02218417436486897
45,Graham Ike,Gonzaga,1.8713305397315327,1.8926400842113693,1.909106460116743,7.890447654185817
46,Anton Watson,Gonzaga,1.536505806481064,1.565755679184617,1.5743881532595785,7.128813800224146
47,Nolan Hickman,Gonzaga,1.449568045513733,1.50696229720096,1.4498644254287032,6.787686338572259
48,Ryan Nembhard,Gonzaga,1.274917906939205,1.2340187538007457,1.2563730677150224,6.298860305181185
49,Braden Huff,Gonzaga,0.5859663025904299,0.5990336922984507,0.5875786185487665,4.651245252158805
50,Ben Gregg,Gonzaga,0.5386648470970559,0.5200820555583047,0.5332870950153585,4.412330155278318
51,Dusty Stromer,Gonzaga,-0.2212584053069286,-0.22779407349382816,-0.21376313505732691,2.3751359437917285
52,Luka KrajnoviÄ‡,Gonzaga,-0.6083172020020499,-0.6376650581986958,-0.6245277982701585,1.3131453145363086
53,Jun Seok Yeo,Gonzaga,-0.737750027839254,-0.7010014732666572,-0.7136511164230028,0.8932324140029326
54,Colby Brooks,Gonzaga,-0.9536970125904567,-0.958761585026431,-0.9779272331285499,0.37790738246948097
55,Pavle Stosic,Gonzaga,-0.9963466001499172,-0.9820471278995883,-0.9741531086177898,0.3809698743889465
56,Joe Few,Gonzaga,-1.107648040854447,-1.07513807217149,-1.1257154233864621,0.020110506897736524
57,Zeke Mayo,South Dakota State,2.363155832714459,2.394143284355167,2.387654742581307,9.188004583175893
58,William Kyle,South Dakota State,1.2789893196328843,1.3537285134718147,1.3019487838104329,6.362491032687078
59,Charlie Easley,South Dakota State,1.1084273831072455,1.104818014319037,1.0803951195098167,5.89760221915653
60,Luke Appel,South Dakota State,1.047799278034254,1.0552409872038078,1.056775368217347,5.803826868779236
61,Kalen Garry,South Dakota State,0.21699945406368928,0.24668377889679086,0.2209725463168973,3.5088510263862878
62,Matthew Mims,South Dakota State,0.21117739750680217,0.20825143718798728,0.17459377887599514,3.3923288854419433
63,Nate Barnhart,South Dakota State,-0.44757142682771545,-0.47787219714904594,-0.46413561769147976,1.6710865274814808
64,Matthew Mors,South Dakota State,-0.4799634512979261,-0.46743068091605716,-0.49653889689364017,1.63987832508206
65,Bubz Alvarez,South Dakota State,-0.7831080354668115,-0.7579285435575231,-0.8078528054264151,0.8784129385349444
66,Tanner Te Slaa,South Dakota State,-0.8798487231835703,-0.8319073679076385,-0.8517736732445776,0.5961118374515526
67,Jack Hastreiter,South Dakota State,-0.9798768076046529,-0.9512616014574955,-0.9892684032498191,0.3040405872141232
68,Walyn Napper,Longwood,1.5840909893049424,1.606892398446922,1.6191701889226444,7.115398026285293
69,Michael Christmas,Longwood,0.9619054647804081,0.964037510267949,0.9889713522773499,5.606369326615171
70,Johnathan Massie,Longwood,0.9929323394605396,0.9939258488845609,0.9600756710873931,5.485859239647134
71,Szymon Zapala,Longwood,0.6763572429084885,0.6584095055779057,0.6807877799277084,4.642854528266461
72,Elijah Tucker,Longwood,0.3264388971962301,0.3371512709197684,0.31610494701771374,3.7613752003848466
73,D'Avian Houston,Longwood,0.08097882749304763,0.09150071810159684,0.07888404698250408,3.1102829709167414
74,Jesper Granlund,Longwood,-0.23125976254425762,-0.23704253720106394,-0.24235787975171963,2.304619632533382
75,Emanuel Richards,Longwood,-0.24789072851441585,-0.3211607883415816,-0.2692037992188257,2.2807263757662053
76,Johan Nziemi,Longwood,-0.6512282781723314,-0.622874350678747,-0.6280949371073088,1.2061968862497117
77,Jaylen Benard,Longwood,-0.6933980010363251,-0.7599453146073887,-0.7732049845733439,1.026062227517653
78,Saxby Sunderland,Longwood,-0.7637784662085576,-0.7321570142307032,-0.7920175937191224,0.9614757966713532
79,Trey Hicks,Longwood,-0.7034228837365307,-0.7245631880022951,-0.7499613044099283,0.8581989049379395
80,Leo Nordberg,Longwood,-0.8367503586946111,-0.886211675887866,-0.8595633384473949,0.5714924541812789
81,Mateo Esmeraldo,Longwood,-1.086054947971463,-1.0461843649287745,-1.0924364095378716,0.16473847448683143
82,Zach Edey,Purdue,3.3529361576341405,3.3648333564753825,3.3288417610391763,11.914244773064695
83,Braden Smith,Purdue,1.175892422968342,1.1961821129762316,1.146244062311411,5.975832066071964
84,Lance Jones,Purdue,1.113800822165878,1.1073582909177315,1.1118512821273665,5.837295155814519
85,Fletcher Loyer,Purdue,0.7869182369394835,0.7986134211282117,0.8001920997312147,5.152856568765291
86,Mason Gillis,Purdue,0.13828917122948803,0.11928597931021796,0.16072744837759007,3.2068133660220406
87,Trey Kaufman-Renn,Purdue,0.08564275345125863,0.10736617796803555,0.07423068918064789,3.0648147874301404
88,Myles Colvin,Purdue,-0.45677200116086253,-0.46812143275152013,-0.4326361213246727,1.663704247354686
89,Camden Heide,Purdue,-0.5539613559604118,-0.497451743329425,-0.5816631135298184,1.6173376824078514
90,Will Berg,Purdue,-0.6561401571794602,-0.6790937752024608,-0.6374401071712807,1.0477879223649844
91,Caleb Furst,Purdue,-0.7100730297648168,-0.727818923633318,-0.7307797006493055,1.0334346155844716
92,Brian Waddell,Purdue,-0.9189915778259118,-0.9384918227065323,-0.9100470769981271,0.44238701209048514
93,Sam King,Purdue,-1.0081038104005045,-0.9782718746281889,-0.9745822588418496,0.39275756544646034
94,Ethan Morton,Purdue,-1.0166804591550302,-0.9878686727095194,-1.0048947107905688,0.21852627524366275
95,Carson Barrett,Purdue,-1.0652096905306339,-1.1049221503174302,-1.048234983231944,0.11332281012832501
96,Chase Martin,Purdue,-1.1357351555321982,-1.1042927458340026,-1.1096464332533096,-0.07866311471074194
97,Josh Furst,Purdue,-1.150009143550935,-1.1373772605304666,-1.1765731784359648,-0.15738084747699688
98,Jace Rayl,Purdue,-1.1122376294145293,-1.1560575093076724,-1.154799728943345,-0.14288131118330005
99,Tristen Newton,UConn,1.692806548151734,1.713001135680343,1.7583864111134797,7.473908008148658
100,Cam Spencer,UConn,1.5608960822370996,1.5256499957018907,1.5594637485516933,7.159989915646223
101,Alex Karaban,UConn,1.4111024890456374,1.4365204433216991,1.4405081943012918,6.68054893172315
102,Donovan Clingan,UConn,1.2409328358499396,1.2217570532582183,1.2366502306623737,6.2352877554553725
103,Stephon Castle,UConn,0.856592728077207,0.9318307369093136,0.8736541115906848,5.327311903931555
104,Hassan Diarra,UConn,-0.03735549241195612,-0.04426519172466994,-0.060643676055793155,2.7805286037822006
105,Samson Johnson,UConn,-0.14853659675610056,-0.13631909864046493,-0.15109586933470445,2.577261418538645
106,Solomon Ball,UConn,-0.4774857492563037,-0.4232094547931052,-0.4852841102564862,1.6850249037213911
107,Jaylin Stewart,UConn,-0.6637796846966245,-0.6543556434307501,-0.6507721292837406,1.1275495525922032
108,Apostolos Roumoglou,UConn,-0.96030514989156,-0.9311867757837977,-0.9573330192832848,0.37389067250962116
109,Jayden Ross,UConn,-1.048987804013342,-1.0133643263365242,-1.0589071961430614,0.2274724177912728
110,Andrew Hurley,UConn,-1.0441330727334481,-1.0584805743293861,-1.0868465405045056,0.08910205827676831
111,Andre Johnson,UConn,-1.0936670211813049,-1.0769318952370996,-1.1076416515106942,-0.06635369658222112
112,Youssouf Singare,UConn,-1.1428925288988732,-1.0794143627381614,-1.1247288229589638,-0.046909077428431534
113,Jaxson Robinson,BYU,1.4919276072348104,1.5612863955177094,1.5595098812622716,6.980940151302339
114,Fousseyni Traore,BYU,0.8708889489257139,0.8692215855279235,0.8883205102383109,5.278983989385779
115,Trevin Knell,BYU,0.8651910631072602,0.8464132357883285,0.8303330501407361,5.2261905766018835
116,Spencer Johnson,BYU,0.7888824000581114,0.7749358077386242,0.7643554160868039,4.997729163191735
117,Richie Saunders,BYU,0.6353050486524465,0.6302161697786416,0.6977696707398939,4.493373952383333
118,Noah Waterman,BYU,0.6728112617883207,0.6247664682075051,0.6409803025097766,4.574946888157744
119,Dallin Hall,BYU,0.5683579636635944,0.5032884847847732,0.5753192659661247,4.329399356944171
120,Aly Khalifa,BYU,-0.06407384578194442,-0.08728241634963925,-0.11775534574944393,2.6886238481895237
121,Dawson Baker,BYU,-0.2020811938721569,-0.21531125151563157,-0.2415111986472189,2.3822049792247797
122,Atiki Ally Atiki,BYU,-0.39270698574513735,-0.41420914093562294,-0.4118784151712163,1.8900059932866908
123,Trey Stewart,BYU,-0.7439836698762298,-0.6929574353832325,-0.7582990968254962,0.8100609397183014
124,Marcus Adams,BYU,-0.6644503436935097,-0.7057670569560357,-0.719765960026504,1.0863558586419964
125,Townsend Tripple,BYU,-0.8404390502311605,-0.8489178744117173,-0.8569835875586752,0.5685213751321823
126,Jared McGregor,BYU,-1.0301919791005472,-1.0570098677699649,-1.0820919154767716,0.13187980694512724
127,Tanner Hayhurst,BYU,-1.1095478117227304,-1.1444110952513047,-1.1254652083199008,0.05574013020737967
128,Keshon Gilbert,Iowa State,1.3802936854143828,1.4359826837634346,1.4452626270639828,6.7331018046057824
129,Tamin Lipsey,Iowa State,1.215325926954248,1.1672141794079132,1.1971216259970765,6.199034171122836
130,Milan Momcilovic,Iowa State,0.9838927471534563,1.0079196241766866,0.949364326241661,5.64550568450276
131,Curtis Jones,Iowa State,0.8006739599919671,0.8625999571621458,0.811612018212497,5.150732842239291
132,Tre King,Iowa State,0.5327808139313365,0.5313454667302577,0.5019095600163774,4.32527616356221
133,Robert Jones,Iowa State,0.27958390887621093,0.3446030208703649,0.3164133836684309,3.7182272241760943
134,Hason Ward,Iowa State,0.009188239853383679,0.008657598739432091,-0.0008480602671886479,2.914608565384167
135,Jackson Paveletzke,Iowa State,-0.4992051619877513,-0.5172172906405847,-0.47832680574263736,1.5672985022327166
136,Omaha Biliew,Iowa State,-0.7023316053488803,-0.7058833307853264,-0.7203774883445632,1.0074789736038618
137,Demarion Watson,Iowa State,-0.8221781890582838,-0.8033657481249441,-0.7989601679586008,0.8320238982318369
138,Kayden Fish,Iowa State,-0.8381335965755261,-0.8630871944228629,-0.8431680600623104,0.45720888684228056
139,Cade Kelderman,Iowa State,-1.0133957909920053,-1.004834119011204,-1.0167581846306828,0.11955571547940869
140,Conrad Hawley,Iowa State,-1.1770749870877446,-1.1131293783295138,-1.116954263628052,-0.10884723231511595
141,Mark Sears,Alabama,2.7877176425156316,2.8364689265864302,2.840348924950043,10.381046212731022
142,Aaron Estrada,Alabama,1.365995207983107,1.3556998571008885,1.3760254836741659,6.588286335144687
143,Grant Nelson,Alabama,0.9866820335169357,0.9845149982830482,0.9536339958527922,5.549753062396905
144,Rylan Griffen,Alabama,0.9290844767875733,0.9166470849704729,0.9438526435484338,5.473056579444014
145,Latrell Wrightsell,Alabama,0.5163788668888915,0.5205201369934508,0.517238191240805,4.305989803587273
146,Nick Pringle,Alabama,0.09057546503545996,0.10737775367888171,0.09938131543693202,3.2296021757567988
147,Sam Walters,Alabama,-0.09039589787698475,-0.06717383701173629,-0.07512052219745584,2.6838052495538847
148,Jarin Stevenson,Alabama,-0.15982324797712621,-0.1706386676915813,-0.13445830989234162,2.659923184258809
149,Davin Cosby Jr.,Alabama,-0.45013400415188115,-0.5005753256142588,-0.4502082539841807,1.6714476273433192
150,Mohamed Wague,Alabama,-0.5372884795137683,-0.5053015204039094,-0.5358714352146392,1.2908817895356377
151,Mouhamed Dioubate,Alabama,-0.5807235763964509,-0.5649216099142266,-0.5403085243951636,1.4442768998893498
152,Kai Spears,Alabama,-0.977778979550945,-0.9145444173600908,-0.9426575108586115,0.33347673560534385
153,Max Scharnowski,Alabama,-1.0198731611560443,-1.0535111673460833,-1.0494441663528775,0.11684479172601492
154,Dae Dae Grant,Duquesne,1.9285864149837346,1.9311753148564805,1.9787606404069378,8.093130701219401
155,Jimmy Clark,Duquesne,1.6877844490481755,1.6705486474864197,1.6751090848526209,7.425613800362279
156,David Dixon,Duquesne,0.19983831376456285,0.19760126070356285,0.1814154547031698,3.339437847043303
157,Fousseyni Drame,Duquesne,0.0985008655998156,0.17720372528768905,0.12735834846724128,3.383378158058438
158,Jake DiMichele,Duquesne,0.06337994920868431,0.06600872730041492,0.05971856990185066,3.092042394520582
159,Andrei Savrasov,Duquesne,-0.03326702243182859,-0.039669886986998276,-0.022887641624662957,2.8221730363209905
160,Kareem Rozier,Duquesne,-0.1330550338650787,-0.16519625335487287,-0.142444936676965,2.4323485240626055
161,Dusan Mahorcic,Duquesne,-0.31059548934933245,-0.2704290610805172,-0.3194072113073927,2.155101322963664
162,Tre Williams,Duquesne,-0.4743635792768678,-0.4599867901837619,-0.43459286321928836,1.6116361415297475
163,Hassan Drame,Duquesne,-0.5368357521634554,-0.48070703566423867,-0.4852740413088015,1.6678638083647743
164,Jakub Necas,Duquesne,-0.6425086895292458,-0.6473256267204157,-0.702640614475268,1.1319957200149497
165,Halil Barre,Duquesne,-0.7493284975358636,-0.7556816124420409,-0.7578527472593705,0.8871438249628048
166,Matus Hronsky,Duquesne,-0.7882727226531254,-0.7599374773215197,-0.7737674518474887,0.7699136812464102
167,Andy Barba,Duquesne,-0.9104266214509131,-0.8928173816038145,-0.9310631767069131,0.45780127981069185
168,Kailon Nicholls,Duquesne,-0.9613636919466672,-0.9865966804883902,-1.0116791026285699,0.36751765224411503
169,Ethan Anish,Duquesne,-1.152654104404377,-1.127171948330671,-1.1518443428445524,-0.08281528568943397
170,Seamus McDermott,Duquesne,-1.166417859688728,-1.18775489556076,-1.1486082374727793,-0.01314438664032247
171,Lucas Perusek,Duquesne,-1.1420454238684188,-1.133293580338589,-1.1756627619481796,-0.153671473837806
172,AJ Storr,Wisconsin,2.0378025726350346,2.0040471554656856,1.9797356026059783,8.330403019243754
173,Steven Crowl,Wisconsin,0.911444602461093,0.9288347789032889,0.9987322384015868,5.537560302598208
174,Tyler Wahl,Wisconsin,0.8610180801602779,0.8623133732872056,0.8267576464069902,5.153661027695256
175,Max Klesmit,Wisconsin,0.7004966766562124,0.7282616683584222,0.6906970405850436,4.900540117115806
176,Chucky Hepburn,Wisconsin,0.6055365155528054,0.5816522927383295,0.6078007316619198,4.508945129320059
177,John Blackwell,Wisconsin,0.3527485768162771,0.34479656811599396,0.3558062661624417,3.792393978837427
178,Connor Essegian,Wisconsin,-0.554260455745321,-0.5648152965500488,-0.546161098001451,1.4804519869345165
179,Nolan Winter,Wisconsin,-0.6861694559741452,-0.6975141469170495,-0.7290899328301254,1.1058349231426536
180,Kamari McGee,Wisconsin,-0.7466521104412168,-0.7617201523357515,-0.7767831912603906,0.93122366265235
181,Carter Gilmore,Wisconsin,-0.8268729720222056,-0.8412480466337758,-0.8503386115149226,0.7948073802655413
182,Markus Ilver,Wisconsin,-0.9458688245013795,-0.9384431089713855,-0.9438754771691966,0.3391463075285044
183,Isaac Lindsey,Wisconsin,-1.025247692630745,-1.0442402340565542,-1.0368695963135586,0.20660312134204073
184,Chris Hodges,Wisconsin,-1.1304949287209103,-1.1255888051561327,-1.1302154418555854,-0.14201873474327575
185,Isaac Gard,Wisconsin,-1.1285782671392466,-1.1755081730635988,-1.1616430448732697,-0.1619787575053473
186,Luke Haertle,Wisconsin,-1.1379419567314821,-1.1174263916458695,-1.138775252646684,-0.2000297133977842
187,Pop Isaacs,Texas Tech,1.8214782990229308,1.820968386985591,1.8727171256378037,7.815567255652071
188,Joe Toussaint,Texas Tech,1.1171511764825206,1.137954956139407,1.1569282731914294,5.95038682747043
189,Darrion Williams,Texas Tech,0.9773585489151713,1.0158271352257064,1.0262073611340319,5.562041817424586
190,Chance McMillian,Texas Tech,0.8733254512214091,0.8462593293241515,0.865526796871773,5.294080943039736
191,Devan Cambridge,Texas Tech,0.7751434060802667,0.8003391902396492,0.7729122147109323,4.995984810492601
192,Warren Washington,Texas Tech,0.6637509773834886,0.6567372172972974,0.6268026573333213,4.731442765440272
193,Kerwin Walton,Texas Tech,0.43636317515064144,0.4287660526874711,0.450157503825082,4.149928282846625
194,Robert Jennings,Texas Tech,-0.3370347058127706,-0.33409927769758957,-0.34176727479050556,2.028058836800737
195,KyeRon Lindsay,Texas Tech,-0.6260207604630867,-0.6627597307549525,-0.6482715949301819,1.1277114930376424
196,Eemeli Yalaho,Texas Tech,-0.7325432476425412,-0.7125209873667684,-0.6997178959118833,1.148330616247326
197,Lamar Washington,Texas Tech,-0.7684256179880841,-0.7818204186244162,-0.7398716317896848,0.9499870582040031
198,Jack Francis,Texas Tech,-1.042918437981034,-1.0709828780775172,-1.0694396213749036,-0.12405332175579842
199,D'maurian Williams,Texas Tech,-1.071487657757884,-1.1006770377436492,-1.1313724406224528,-0.10751539825486267
200,Jaedon Ledee,San Diego State,2.8388507528521587,2.826766269676532,2.851644612374463,10.52173839425446
201,Reese Dixon-Waters,San Diego State,0.6975241811059719,0.6890553303592583,0.7330506780168089,4.788942487425753
202,Lamont Butler,San Diego State,0.6176038898555899,0.6291832982028619,0.6274000439712492,4.634811299827514
203,Micah Parrish,San Diego State,0.60180279271294,0.5954201653164453,0.6171244131836431,4.499503481241059
204,Darrion Trammell,San Diego State,0.3487654490116547,0.3446249585861251,0.3857159180949346,3.826005547638116
205,Elijah Saunders,San Diego State,0.054550222298286384,0.05023877025357844,0.030225903924414543,2.9958944508897467
206,Jay Pal,San Diego State,-0.19049940694240694,-0.21110285532591094,-0.1492722905361488,2.3648788137220094
207,Miles Byrd,San Diego State,-0.37137397671659533,-0.39824073609281946,-0.41789906067582394,1.9689215872834815
208,Miles Heide,San Diego State,-0.8105683384900558,-0.7848615346563339,-0.7961098726926599,0.8553262710513962
209,BJ Davis,San Diego State,-0.9736250066151702,-0.952117093437493,-0.9079170102554502,0.4612026808682761
210,Cam Lawin,San Diego State,-0.9823382701094817,-0.9967257479012374,-0.9981178524436116,0.23362431713509757
211,Cade Alger,San Diego State,-1.0085298280851265,-1.0794267420069845,-1.0212932581560745,0.0029551729858736664
212,Demarshay Johnson,San Diego State,-1.043656470523816,-1.0762639439173942,-1.0809753249901188,0.08670534941780295
213,Desai Lopez,San Diego State,-1.1415464227856884,-1.1209629881286456,-1.1484724508129975,-0.15481979172565152
214,Ryan Schwarz,San Diego State,-1.1140528468855493,-1.1698029607046463,-1.1538440119466284,-0.22968222312047804
215,LJ Cryer,Houston,1.7627517500914545,1.774971728308706,1.7704867073268975,7.748557860606001
216,Jamal Shead,Houston,1.3896734291296837,1.3309030102284394,1.3403892441310383,6.56213782020161
217,Emanuel Sharp,Houston,1.2222383365207727,1.2864349481558166,1.2629307911997802,6.31801867388279
218,J'Wan Roberts,Houston,0.5957054022396792,0.6130717331374951,0.6256001049921114,4.584746894089355
219,Damian Dunn,Houston,0.0835152956368062,0.07907162794179638,0.056822826708645975,3.048898637170367
220,Ja'Vier Francis,Houston,0.017887446752290988,0.0211818578269391,-0.010531364385541916,2.9431376602387647
221,Terrance Arceneaux,Houston,-0.09740268597913669,-0.07194224547020685,-0.11470113675022872,2.688884156665068
222,Mylik Wilson,Houston,-0.31599112630963994,-0.3084271865396699,-0.32014363889658026,2.096592279815419
223,Joseph Tugler,Houston,-0.43365825602829705,-0.4717270084054298,-0.45990250458984405,1.6309135935297483
224,Ramon Walker,Houston,-0.8183564313220011,-0.7705009210079972,-0.8331816453846553,0.8214077076942141
225,Ryan Elvin,Houston,-0.9566415450564494,-0.9768901344726917,-0.9764855046504937,0.24803975619492435
226,Cedric Lath,Houston,-1.091275979841045,-1.109107829798412,-1.0902763433744593,-0.03963301073557268
227,Jaelen House,New Mexico,1.8571835671226937,1.8630636622908745,1.8463085886054749,7.788334997985606
228,Donovan Dent,New Mexico,1.5012544502720955,1.4738266584305442,1.4792682092895761,6.962922533444001
229,Jamal Mashburn,New Mexico,1.4799892780387516,1.512789658310478,1.5625144737326089,6.983571405074825
230,JT Toppin,New Mexico,1.1640626440023794,1.2072215657060081,1.1674502794270605,6.089152599730928
231,Nelly Junior Joseph,New Mexico,0.5037470633160811,0.5113290370988782,0.4996402804232147,4.344297291689179
232,Mustapha Amzil,New Mexico,0.10745327172746297,0.11743102754584958,0.11273093270248884,3.174472628345643
233,Tru Washington,New Mexico,0.1122064337506004,0.10752421504995226,0.08811174011420751,3.2536009916927613
234,Jemarl Baker,New Mexico,-0.2960183114350715,-0.35020249987539664,-0.3446779468016752,2.050862783425665
235,Braden Appelhans,New Mexico,-0.6869649429537745,-0.6732207678904572,-0.6664223178570896,1.1112712568658176
236,Quinton Webb,New Mexico,-0.7737323672422082,-0.7966473178121749,-0.76155255333215,0.929539869042658
237,Isaac Mushila,New Mexico,-0.7838534539880475,-0.8045260593190422,-0.8262739798813498,0.7710096920236578
238,Sebastian Forsling,New Mexico,-1.0213192566287819,-0.9999643787462081,-1.0099799063728216,0.32966895408580177
239,Johni Broome,Auburn,1.913935394882494,1.9274046131003895,1.9094925518886816,8.089450434957596
240,Jaylin Williams,Auburn,1.1507658984267708,1.1458311813617412,1.1285280836909746,6.0588848216631614
241,Chad Baker-Mazara,Auburn,0.6878747349339649,0.6787414169177088,0.6946615298538436,4.8179966110454835
242,Denver Jones,Auburn,0.548635964206582,0.5608293256576679,0.5678846324981481,4.491720155341579
243,Aden Holloway,Auburn,0.273394621336711,0.2877891084955396,0.28084533200076645,3.5780792176012954
244,K.D. Johnson,Auburn,0.17208827033130553,0.1650780183530256,0.12898138581441848,3.374313469172092
245,Tre Donaldson,Auburn,0.08699657254626544,0.11479588039761585,0.14709167626214897,3.1844678228115058
246,Dylan Cardwell,Auburn,-0.19326868653572668,-0.17284442300117916,-0.22138592823685052,2.4338464833758495
247,Chaney Johnson,Auburn,-0.30788143638344473,-0.25021873789864824,-0.262994064407665,2.2345378776743754
248,Chris Moore,Auburn,-0.6460605149877028,-0.7064996789420048,-0.6845835165965378,1.1276750139122782
249,Lior Berman,Auburn,-0.8753459937182169,-0.8393831243926863,-0.8265629380365358,0.7199783299007354
250,Blake Muschalek,Auburn,-1.0527262809312772,-1.0476517499257687,-1.0767640224391646,0.04809197320235192
251,Addarin Scott,Auburn,-1.0621369892984351,-1.0542738714177924,-1.1183635118204647,0.02510510099299168
252,Jalen Harper,Auburn,-1.124851388684207,-1.079683268830153,-1.085054645587383,-0.016248034228830477
253,Haston Alexander,Auburn,-1.1371860478141025,-1.1396830677609653,-1.165656296327229,-0.22376431957174336
254,Presley Patterson,Auburn,-1.1859277935619335,-1.0989340442349869,-1.15908384854605,-0.27289765068233196
255,Carter Sobera,Auburn,-1.1643482420286413,-1.1353781574687547,-1.174771412891913,-0.2032457635662257
256,Johnell Davis,Florida Atlantic,2.197630652670336,2.2475355821922562,2.234647711039959,8.886224123961817
257,Vladislav Goldin,Florida Atlantic,1.738254117649629,1.7427171027973714,1.7161625599347983,7.630905731380683
258,Alijah Martin,Florida Atlantic,1.3304895334754518,1.3522059344736652,1.323477336452807,6.454794382528021
259,Nick Boyd,Florida Atlantic,0.5810110391165684,0.6040224700803936,0.5926267722410099,4.610731160920855
260,Brandon Weatherspoon,Florida Atlantic,0.1809720454882205,0.1939145517936186,0.21187644189219065,3.496774388459946
261,Bryan Greenlee,Florida Atlantic,0.03627782439267877,0.03626872605136561,0.007014468918288539,2.91264292926564
262,Jalen Gaffney,Florida Atlantic,-0.10195043655628687,-0.11488367941236322,-0.06741333728700369,2.6384941162498987
263,Giancarlo Rosado,Florida Atlantic,-0.28897722444037843,-0.26086768010737654,-0.272962226147563,2.2116895589294625
264,Tre Carroll,Florida Atlantic,-0.4166370149150034,-0.3974752666029006,-0.40600956558504164,1.8460280037166226
265,Brenen Lorient,Florida Atlantic,-0.7258845348488238,-0.7553151203586751,-0.7308314464940937,0.9088202555075862
266,Alejandro Ralat,Florida Atlantic,-0.758112113316842,-0.7655500597470659,-0.7672502338482875,0.7662887876997151
267,Leo Beath,Florida Atlantic,-0.9742288541318239,-0.9842170698955326,-0.9458346416656244,0.28078507631676475
268,Isaiah Gaines,Florida Atlantic,-1.0302680973941867,-1.0051541390809402,-1.0354473406393139,0.21765750439705922
269,Jack Johnson,Florida Atlantic,-1.216270348346288,-1.160785433051576,-1.1782580521277817,-0.11406631263600664
270,Isaiah Stevens,Colorado State,1.8328086579003005,1.8416196336868589,1.8509730378462808,7.759083633737197
271,Joel Scott,Colorado State,1.2993769130541275,1.2527329499382507,1.2763768247938005,6.3536662533527775
272,Nique Clifford,Colorado State,1.1241495523676253,1.1380416926021255,1.1433139836453334,6.02519889956978
273,Patrick Cartier,Colorado State,0.8151120208762124,0.7656542727656623,0.7589924360541533,4.9888731384972935
274,Josiah Strong,Colorado State,0.11544472948379757,0.12236574216086206,0.09165964008952188,3.234089824610439
275,Jalen Lake,Colorado State,0.013632910432040854,0.025696951912771153,0.026887098034645063,2.8955826380064416
276,Joe Palmer,Colorado State,-0.17851221525792513,-0.21478307440598451,-0.22551351670794967,2.3938235555333076
277,Rashaan Mbemba,Colorado State,-0.44055396304900957,-0.4162561627933923,-0.4504952416317741,1.7442244509066867
278,Kyle Evans,Colorado State,-0.8004723659490658,-0.8135878871142905,-0.829386984009137,0.7961970106343159
279,Taviontae Jackson,Colorado State,-0.7763640817531341,-0.822607633405011,-0.7962799603872568,0.8023291804248891
280,Javonte Johnson,Colorado State,-0.839573152412307,-0.8144174051151473,-0.7634077549351783,0.6893391517721379
281,Kyan Evans,Colorado State,-0.8248011176582715,-0.8180555243789008,-0.825067379732373,0.6593579134410272
282,Jack Payne,Colorado State,-1.0543538453530876,-1.0504937565567625,-1.046020737458039,0.12033332699488675
283,Luke Murphy,Colorado State,-1.0443861914786117,-1.0418341653842236,-1.0535906842793898,0.028125268603365505
284,Isaac Jones,Washington State,1.7021358293168503,1.6852985801774945,1.685437001716343,7.426748008344363
285,Myles Rice,Washington State,1.5921016760599926,1.6625383736173418,1.6847582866127673,7.360771859180004
286,Jaylen Wells,Washington State,1.2200792483278213,1.1907173717253352,1.1928660771001791,6.181281208317062
287,Andrej Jakimovski,Washington State,0.6939480558790772,0.7293233424603572,0.7112065690523085,4.808260362166084
288,Oscar Cluff,Washington State,0.15587903552084567,0.1452212812332459,0.15834211199656006,3.3502120518156757
289,Joseph Yesufu,Washington State,0.022057952624658712,0.042094852858767476,0.05810404311235629,3.0078180407170994
290,Rueben Chinyelu,Washington State,-0.28409695580901373,-0.2601832389782865,-0.24040621932694914,2.156910409409904
291,Kymany Houinsou,Washington State,-0.30703297427005405,-0.3258961589373893,-0.31566148974557834,2.0881679265578024
292,Isaiah Watts,Washington State,-0.4335207203175968,-0.4536413749313581,-0.45291262135207705,1.751064050495854
293,Jabe Mullins,Washington State,-0.846608044843305,-0.8515490265492773,-0.8064545272923691,0.7399381471069955
294,AJ Rohosy,Washington State,-1.074781909943774,-1.068605452730803,-1.0650693833806142,0.01973806152566615
295,Dylan Darling,Washington State,-1.1403789132214117,-1.1413842412055453,-1.1739846216236485,0.008632644548033142
296,Ben Olesen,Washington State,-1.1403119415409686,-1.1365749802104665,-1.1518099053288717,-0.09156997165209324
297,Danny Wolf,Yale,1.5188950665397305,1.5201846019512248,1.533310947374218,6.989686633806383
298,John Poulakidas,Yale,1.3633402853439411,1.3587336617211667,1.3640768084358004,6.538201122181977
299,Matt Knowling,Yale,1.0475424229178172,0.997896020729814,1.0521219257325491,5.711793805090679
300,Bez Mbeng,Yale,1.0019761490699268,0.9597881648369393,0.9688116306763315,5.305080980800971
301,August Mahoney,Yale,0.8263074613878735,0.7783205630595135,0.8297674699136129,4.887725035691368
302,Nick Townsend,Yale,-0.06678920923360704,0.023375632764753643,0.007859693956753155,2.8322929299072257
303,Casey Simmons,Yale,-0.4988040853655129,-0.4842120227963004,-0.49841443862370294,1.645390216970461
304,Luke Kolaja,Yale,-0.5976454489853686,-0.5619513606832278,-0.6082689666566353,1.3856404096408061
305,Yassine Gharram,Yale,-0.6986544344952995,-0.6961286922782073,-0.6991981260400003,1.1327107949018584
306,Samson Aletan,Yale,-0.7377014135486908,-0.7489841602258204,-0.7126904464829973,0.8664703939867127
307,Jack Molloy,Yale,-0.8357171440116686,-0.8457778893344909,-0.8417098570111332,0.7049017258677792
308,Devon Arlington,Yale,-0.8133670633886093,-0.8492035856351897,-0.8550375683097469,0.6096591795301673
309,Trevor Mullin,Yale,-0.8945109962471673,-0.8241311546688805,-0.8767931872989948,0.5868685181954132
310,Teo Rice,Yale,-0.8787401583109045,-0.893703093725027,-0.8773184235548975,0.6289386676704303
311,Yussif Basa-Ama,Yale,-0.9696965612529894,-0.9829901681063409,-0.9382957291958921,0.44736238903303605
312,Emir Buyukhanli,Yale,-1.009007274795794,-1.007659471999679,-1.0101423452291554,0.27160716462113044
313,Achor Achor,Samford,1.8326178088340965,1.804802949791207,1.8180967788463294,7.872657798948729
314,A.J. Staton-McCray,Samford,1.0150331479922663,1.0561594338096265,0.9875375717582471,5.6346519673718465
315,Jaden Campbell,Samford,0.9388285906978374,0.9804325359984462,0.9548997228861796,5.352432306465625
316,Jermaine Marshall,Samford,0.7920831992145587,0.8267020651791172,0.757632675900961,5.100406192908197
317,Rylan Jones,Samford,0.6396914818982371,0.6169518334577687,0.6052943959743029,4.596605234774071
318,Garrett Hicks,Samford,0.022075190777053284,0.06353172147782173,0.0498363228016033,3.113298706990005
319,Riley Allenspach,Samford,-0.08870181738784703,-0.1319073599331527,-0.11724250262423486,2.616070711684192
320,Nathan Johnson,Samford,-0.09080072767121189,-0.13481444737792223,-0.12861805489213837,2.5539978412077007
321,Josh Holloway,Samford,-0.34793223374814625,-0.3278234957364658,-0.35570401631168397,1.9869604578999507
322,Dallas Graziani,Samford,-0.3797948563651959,-0.4007622144763067,-0.3565034113528874,1.9230298806599633
323,Lukas Walls,Samford,-0.5102979605983493,-0.5466622363511835,-0.5262311384921096,1.5273497882457407
324,Chandler Leopard,Samford,-0.6033431841315132,-0.5938123141563516,-0.5769417005948932,1.3313840173877876
325,Zach Loveday,Samford,-0.5960536108531193,-0.646202102024265,-0.6135013636846416,1.3046243785893028
326,Grayson Walters,Samford,-0.9358126033680522,-0.8441720174037654,-0.872492764369336,0.6222928568313759
327,Paulie Stramaglia,Samford,-0.9998723017959307,-1.027211662413558,-0.9804478800755411,0.26604461147697567
328,Owen LaRocca,Samford,-1.0307619112402189,-1.0305014126657974,-1.011972582380094,0.17127500237811333
329,Joshua Hughes,Samford,-1.0695193520477422,-1.063117710854929,-1.1150784983848019,-0.007284464801915469
330,Thomas Kizer,Samford,-1.1320547246152337,-1.125069904938537,-1.1536241250538988,-0.1371168640210736
331,N'Faly Dante,Oregon,2.0020572006357535,1.985226085549154,1.9680931825231314,8.14026047505942
332,Jermaine Couisnard,Oregon,1.9978573396403074,2.0066942953145377,2.021076527785035,8.31130382169998
333,Jackson Shelstad,Oregon,1.302296490470394,1.2482211146051898,1.2920656337108196,6.218150322196436
334,Nathan Bittle,Oregon,0.6986892590815663,0.7300729683899959,0.7485299396159067,4.896725829863614
335,Jesse Zarzuela,Oregon,0.7642892885392151,0.7290846333052612,0.7434445849259839,4.918321112255998
336,Keeshawn Barthelemy,Oregon,0.3271530298276159,0.31019527975080774,0.3302207094000649,3.834451969218918
337,Jadrian Tracey,Oregon,0.31445802400304934,0.28912211826747464,0.29197261627398197,3.708217275429228
338,Kwame Evans Jr.,Oregon,0.2467740622241607,0.20086315277897007,0.2572736147078051,3.4445485442908614
339,Kario Oquendo,Oregon,0.19864082593809743,0.1763029721117493,0.20277383990134668,3.4928385788142418
340,Brennan Rigsby,Oregon,-0.03691521017646124,0.010236802100783092,-0.013514687151739296,3.040000243312895
341,Mahamadou Diawara,Oregon,-0.8175611242904495,-0.7968295035779233,-0.758031990801627,0.8399211786762635
342,Mookie Cook,Oregon,-0.9307065861710737,-0.9479201359926237,-0.9735326726137773,0.5264784102692301
343,James Cooper,Oregon,-1.0869723129354112,-1.1149140793947165,-1.0862613831455363,0.06060996184266676
344,Gabe Reichle,Oregon,-1.103073994903114,-1.1451951296355203,-1.1584536251958175,-0.09182580425257303
345,Kaleb McCloud,Oregon,-1.135965086418474,-1.1652004525085906,-1.1757486411103124,-0.22047338407089834
346,Andre Warren,Oregon,-1.1479794473503024,-1.1382636849060386,-1.1748859470014645,-0.1600827191269869
347,Trey Townsend,Oakland,2.067354692856517,2.0904831798245493,2.097775676825015,8.538405545870372
348,Jack Gohlke,Oakland,1.3096438331345295,1.3159618055667084,1.2936498162195986,6.391868338059046
349,Blake Lampman,Oakland,1.239044335866764,1.2468489395757172,1.2236671365347032,6.292347327148921
350,Chris Conway,Oakland,0.7609386628565059,0.7311824073369412,0.7417567643792317,4.966717222988955
351,DQ Cole,Oakland,0.49075887140311836,0.4960529022277044,0.5173463964759989,4.272409694914527
352,Rocket Watts,Oakland,0.28203279088178773,0.29192114842249056,0.31587550937146736,3.5761829873290902
353,Isaiah Jones,Oakland,-0.2263313271293844,-0.2518186724221694,-0.2271402172337239,2.4194720578570994
354,Tuburu Naivalurua,Oakland,-0.529413578985909,-0.5157166169417065,-0.5156639127561786,1.5054083527466118
355,Tone Hunter,Oakland,-0.8568477000267908,-0.816532357930484,-0.8123086614113757,0.8052425916891748
356,Michael Rogers,Oakland,-0.8977707049860385,-0.9199819171887236,-0.8648004518408134,0.4892022462124732
357,Osei Price,Oakland,-0.902290517138335,-0.9090866040301655,-0.8739543407422187,0.407254316922641
358,Cooper Craggs,Oakland,-1.0262677741060748,-1.0591452911858008,-1.0149897442689004,0.09141032545141359
359,Aundre Polk,Oakland,-1.063022793709946,-1.0527022461591407,-1.061142377771128,0.15083589267865438
360,Evan Solomon,Oakland,-1.138438169698762,-1.1665656129769562,-1.120175061266164,-0.19534902868588855
361,Great Osobor,Utah State,2.159830144359674,2.1345548094972053,2.1234095881748987,8.691418369961728
362,Ian Martinez,Utah State,1.3518939161896135,1.382562860097285,1.3467118731166743,6.4801445283935575
363,Darius Brown,Utah State,1.173953790068147,1.1565274023720622,1.1979722861083684,6.106289822741995
364,Mason Falslev,Utah State,0.9745258657454434,1.0029740880390992,0.9748816603708728,5.473173389367112
365,Josh Uduje,Utah State,0.4921508364916566,0.5146195524431479,0.5192060432756649,4.24760521833181
366,Isaac Johnson,Utah State,0.12118627729774248,0.09377864068576897,0.08760939342521115,3.2269473518337453
367,Max Agbonkpolo,Utah State,-0.10232953723103691,-0.08994485016137878,-0.10106845203165843,2.5686003408948923
368,Javon Jackson,Utah State,-0.30612938843674375,-0.3079792577237556,-0.28983726623982425,2.2799247671611766
369,Kalifa Sakho,Utah State,-0.6668851759806435,-0.6511858598521209,-0.6522588936111802,1.2079557396537137
370,Karson Templin,Utah State,-0.6896283328744319,-0.6851120043759323,-0.660669973685481,1.0306618680695139
371,Jackson Grant,Utah State,-0.763068976581084,-0.7469920892702371,-0.7085658257818199,0.9186747138127571
372,Nigel Burris,Utah State,-0.9240234509406294,-0.9364864537381212,-0.9271423461778097,0.4504200982529012
373,Landon Brenchley,Utah State,-1.0271013422840973,-0.9829483350464915,-1.0278866108659017,0.14338880083908023
374,Meechie Johnson,South Carolina,1.5407686989254454,1.519923708186732,1.4991572565391535,6.911889452050486
375,B.J. Mack,South Carolina,1.354897669643065,1.4317604199227696,1.39296889416901,6.617923799344409
376,Collin Murray-Boyles,South Carolina,0.7620057584207823,0.8195141962287188,0.8003554103213824,4.967197780974741
377,Ta'Lon Cooper,South Carolina,0.7422723150458299,0.7173246326318368,0.6933076962890405,4.803412832031902
378,Myles Stute,South Carolina,0.4196473017516573,0.44953220957214063,0.4191666216494577,4.028335210330108
379,Zachary Davis,South Carolina,-0.011837573217441322,-0.017330214798562837,-0.03341169682596943,2.8811324801065883
380,Jacobi Wright,South Carolina,-0.036907557153037694,-0.03409059741916068,-0.03474182862067026,2.9101007987253857
381,Josh Gray,South Carolina,-0.5807941330013476,-0.5813286640764396,-0.5992497729595493,1.4664273808550745
382,Benjamin Bosmans-Verdonk,South Carolina,-0.6693987586452571,-0.6930738434856393,-0.6642070214683339,1.025684869256452
383,Stephen Clark,South Carolina,-0.7212852237431292,-0.7254254231048163,-0.7739970143031998,1.0013276713079817
384,Morris Ugusuk,South Carolina,-0.7471527980590211,-0.7252934859987403,-0.7112585792213815,1.057149122586553
385,Eli Sparkman,South Carolina,-0.9340091323894032,-0.9796950717296663,-0.9743600202310049,0.36900876075323774
386,Ebrima Dibba,South Carolina,-1.0345328106462004,-1.0207543494346139,-1.0586576125797056,0.1767474076064186
387,Danny Grajzl,South Carolina,-1.229054187402719,-1.2168892592895144,-1.1236614907773559,-0.17553102308033397
388,Tucker DeVries,Drake,2.8878811195105953,2.899734413244822,2.9144503339269225,10.767627256443497
389,Atin Wright,Drake,1.500691706175551,1.4900127238078122,1.488114637329581,6.9614662591630365
390,Darnell Brodie,Drake,0.9659009080471603,0.9245599102323189,0.9960289358315505,5.423234147187232
391,Kevin Overton,Drake,1.019323911434429,0.929628273499469,0.9438116075964927,5.609020176197227
392,Conor Enright,Drake,0.16732458011826973,0.1424553447837456,0.18842452794769343,3.3069046804824676
393,Colby Garland,Drake,-0.0999226094686957,-0.06651282083723166,-0.09432865635728295,2.6907009854962887
394,Nate Ferguson,Drake,-0.4534178183937446,-0.4620076188234068,-0.5110335554775387,1.6503369172609268
395,Kyron Gibson,Drake,-0.4509941870622177,-0.46539232565004607,-0.42388524375255904,1.594163153827009
396,Carlos Rosario,Drake,-0.7179026181045056,-0.7412189322039158,-0.7876768224856726,0.8567495104448009
397,Eric Northweather,Drake,-0.8322086088222835,-0.7749765859934862,-0.7555972777831622,0.7841328700194463
398,Andrew Alia,Drake,-0.9875851301851237,-0.9900564636461783,-1.0232500694435547,0.3537534953788666
399,Brashon Hall,Drake,-1.051937891573958,-1.034976164927508,-1.0197422662626001,0.12524549976138344
400,Aidan Mahaney,Saint Mary's,1.5206579917202476,1.4804256607232569,1.5372590077190165,6.868598481724089
401,Augustas Marciulionis,Saint Mary's,1.1863542347641902,1.2208191317179105,1.1966914219294305,6.231868551849215
402,Mitchell Saxen,Saint Mary's,1.0806395149878858,1.0656197152333589,1.049457003106424,5.760349250157569
403,Joshua Jefferson,Saint Mary's,0.7854384408610828,0.7849296299606338,0.76161224634915,5.09378204276465
404,Alex Ducas,Saint Mary's,0.7027061138032853,0.7350130006825096,0.7065178973816556,4.902887238985137
405,Luke Barrett,Saint Mary's,-0.08717353932640663,-0.12569741025564712,-0.11208461002670128,2.6074247890030295
406,Mason Forbes,Saint Mary's,-0.16111727991181404,-0.16995178685749163,-0.15230060928639552,2.4193664496605436
407,Harry Wessels,Saint Mary's,-0.3727172437434988,-0.3603730714680551,-0.35521251227390305,1.961664960328454
408,Rory Hawke,Saint Mary's,-0.4789349591471718,-0.4487840961397357,-0.4551392847139325,1.7393651465887883
409,Chris Howell,Saint Mary's,-0.8746601693699922,-0.835295058506486,-0.8954322771953177,0.6529074180902756
410,Kevin Gad,Saint Mary's,-0.9554316783857437,-0.9099695460017548,-0.8704553960084708,0.4932174166032066
411,Jordan Ross,Saint Mary's,-0.9047098913593506,-0.9106954501379148,-0.913056304490031,0.4418415934654476
412,Cade Bennett,Saint Mary's,-0.9887093761345221,-0.9903188609581134,-0.9723630871977024,0.3780843715188271
413,PJ Hall,Clemson,2.3235233989473896,2.2788483417761145,2.3404109566547366,9.051891851174464
414,Joseph Girard,Clemson,1.725804369858802,1.7369497414684614,1.6938464778906106,7.523204557724951
415,Chase Hunter,Clemson,1.2861018423326664,1.210042228437404,1.2659468896261994,6.277894438770803
416,Ian Schieffelin,Clemson,0.6679266061379846,0.6924131509236556,0.6816257807816113,4.716648672549091
417,RJ Godfrey,Clemson,-0.060748966724322874,-0.08374470206642193,-0.03877648047643888,2.777851142163034
418,Chauncey Wiggins,Clemson,-0.10529330791843891,-0.09447272452435516,-0.08909777889510394,2.6410895494492195
419,Alex Hemenway,Clemson,-0.1439238334432512,-0.15888582843640772,-0.15696864599867294,2.3687521323289054
420,Jack Clark,Clemson,-0.3064664346969685,-0.2768835070790103,-0.27970501300007405,2.0403794186377056
421,Joshua Beadle,Clemson,-0.57051033286074,-0.5679875699802046,-0.5395294531800072,1.323470008324451
422,Dillon Hunter,Clemson,-0.6978619154018635,-0.6946059155148001,-0.6714495276280441,1.051239995795762
423,Bas Leyte,Clemson,-1.0332157024057647,-1.0241865201607978,-0.9969810179950348,0.24018201910676273
424,Andrew Latiff,Clemson,-1.0609295935954353,-1.034415619255982,-1.0827761722862357,0.04799190829125832
425,Matt Kelly,Clemson,-1.115725907845938,-1.1781587999344527,-1.1848498788192734,-0.11622632938449806
426,Daniel Nauseef,Clemson,-1.1239116631741235,-1.1813765284907092,-1.1058911755647949,-0.26253036680509334
427,Max Abmas,Texas,2.0089640177056016,1.978099746598395,2.000779086465039,8.411021435731513
428,Dylan Disu,Texas,1.7671420054165496,1.763680720716149,1.71277223990194,7.6273153863983305
429,Tyrese Hunter,Texas,0.9317380419370931,0.9709841732678455,0.9512385601259299,5.508269537097378
430,Dillon Mitchell,Texas,0.656691545548845,0.6699346124988559,0.5979123821732244,4.660514479085155
431,Kadin Shedrick,Texas,0.2847252514156999,0.29670110664000976,0.2622893831222993,3.6297395353554913
432,Chendall Weaver,Texas,-0.017651697604506814,0.0049400826132360316,0.036007177251032356,2.9228785959739487
433,Ithiel Horton,Texas,0.007154918407667894,-0.039270093082478745,-0.034333890164416465,2.9151009315653007
434,Brock Cunningham,Texas,-0.3406046969991201,-0.3356940295470975,-0.33276284713518245,1.9408080259903682
435,Ze'Rik Onyema,Texas,-0.5165487113245704,-0.5207096135084477,-0.5193415737884783,1.4450972016635284
436,Chris Johnson,Texas,-0.9769481680979774,-0.9586251681219834,-0.9568821553288339,0.37988812798986826
437,Devon Pryor,Texas,-1.021161851753454,-1.0099905827174644,-1.0215877789655612,0.09469344097672971
438,Alex Anamekwe,Texas,-1.0939171864585693,-1.1019083783507435,-1.0939029046208635,-0.04629201280726658
439,Gavin Perryman,Texas,-1.1158049106186059,-1.101749186681243,-1.0912287463365422,0.05851290902713702
440,Cole Bott,Texas,-1.1653012644629295,-1.1784512303454666,-1.160156168143857,-0.13690071264041892
441,Preston Clark,Texas,-1.1236296913400678,-1.1574677874287405,-1.177770088506525,-0.14726445411747102
442,Tyson Walker,Michigan State,2.328223084400757,2.2936236136768398,2.343070588725901,9.175178518074134
443,Malik Hall,Michigan State,1.206668527043473,1.1988165076631385,1.2303924430665802,6.292075411691666
444,A.J. Hoggard,Michigan State,0.9037864780994299,0.8864606980686897,0.8862809270057809,5.274270713620027
445,Jaden Akins,Michigan State,0.8303602348747656,0.8378754414393967,0.8610301814805114,5.224425309428902
446,Tre Holloman,Michigan State,-0.04085867504686284,-0.11174600773954745,-0.10280074092612186,2.7328041464019237
447,Xavier Booker,Michigan State,-0.48157945231779725,-0.47701120106241474,-0.46354370473010076,1.7421444208751407
448,Jeremy Fears Jr.,Michigan State,-0.485536757388189,-0.4986159879684663,-0.5065493507553771,1.6128620916250438
449,Carson Cooper,Michigan State,-0.5363030644673753,-0.4882394157043365,-0.48964767902454603,1.5280985391848014
450,Mady Sissoko,Michigan State,-0.5206826328099847,-0.5320484137081888,-0.5419604892353421,1.4827140067431772
451,Coen Carr,Michigan State,-0.6066710650426025,-0.582254114254269,-0.5811812242295056,1.3287288523363023
452,Jaxon Kohler,Michigan State,-0.7332313284801607,-0.7277662210719074,-0.8062573546578167,0.7858698222001426
453,Davis Smith,Michigan State,-0.9700524156382195,-0.9726193925398494,-0.9811508718559788,0.43081536100112405
454,Steven Izzo,Michigan State,-1.101719491497031,-1.113992339140081,-1.0785892839228284,-0.0671532254796876
455,Nick Sanders,Michigan State,-1.0920788182298775,-1.0652937746493345,-1.1251981203101153,-0.055409206955869816
456,DJ Horne,NC State,2.0169817041509788,1.9965151039549704,1.9722999803993653,8.316221488117375
457,D.J. Burns,NC State,1.2759563298502703,1.2671054113923332,1.3237870251613595,6.452473882515886
458,Jayden Taylor,NC State,1.0093198030916335,1.0561097710996317,1.0477634969911358,5.64832633407173
459,Casey Morsell,NC State,1.0256061930909246,0.995964733589596,1.024823846331387,5.6029759184090375
460,Mohamed Diarra,NC State,0.08231762321139995,0.03906477633340894,0.06260673911215922,2.999982348133526
461,Ben Middlebrooks,NC State,-0.0784925730038546,-0.0904591668278378,-0.035811655385972925,2.6864364620834773
462,Michael O'Connell,NC State,-0.05897907592617063,-0.10102059835204698,-0.08354933570536384,2.8061484382378366
463,"Dennis Parker, Jr.",NC State,-0.24119899928609848,-0.26312198435260903,-0.28879959172863184,2.2306438071928407
464,MJ Rice,NC State,-0.34311587451857994,-0.3639261002346326,-0.3819035446267822,1.8927672625997585
465,LJ Thomas,NC State,-0.6408031799827537,-0.6512628660651146,-0.6735511492423314,1.0983669239346494
466,Breon Pass,NC State,-0.941311798624735,-0.9313032539570497,-0.9319414525090146,0.41308744772333883
467,Kam Woods,NC State,-0.9637346273964078,-0.9622297205428069,-0.9525312714587166,0.33569078535242314
468,Ernest Ross,NC State,-1.0881646728671681,-1.040202659149875,-1.0645986913202472,-0.052878003279080765
469,KJ Keatts,NC State,-1.1580815310250043,-1.1639788465903604,-1.1490484384987514,-0.16772553285786884
470,Alex Nunnally,NC State,-1.1895356519617892,-1.1554427761423203,-1.170446044020992,-0.19785416560301616
471,Jordan Snell,NC State,-1.1380940974538665,-1.181388148759058,-1.166750724624569,-0.18422872577354799
472,Dalton Knecht,Tennessee,2.7948036832155645,2.762130381084664,2.7426775182308436,10.412037814645403
473,Jonas Aidoo,Tennessee,1.148344664482687,1.1042085085422364,1.1054422644915276,5.986157083970685
474,Zakai Zeigler,Tennessee,1.0487960501299076,1.0567148526981573,1.0631414926538558,5.806204418134452
475,Josiah-Jordan James,Tennessee,0.4606721610339438,0.3883752922579854,0.4609433867577566,4.076443954066501
476,Jordan Gainey,Tennessee,0.17434144643183602,0.16223247647779543,0.18562773976134522,3.3829225381066985
477,Santiago Vescovi,Tennessee,0.1020347474367973,0.11455896873587294,0.1060763876502621,3.14788834971802
478,Tobe Awaka,Tennessee,-0.19133909156471018,-0.20298166218397176,-0.1646340394594866,2.4031715970780887
479,Jahmai Mashack,Tennessee,-0.25711398918018824,-0.2657230590290937,-0.2883931729680835,2.0829154590082037
480,D.J. Jefferson,Tennessee,-0.6280745719083979,-0.5753514060714228,-0.6276258165875028,1.2596070390328333
481,Freddie Dilione,Tennessee,-0.8128299818385261,-0.8248017726383743,-0.7945685494462578,0.693803341468167
482,J.P. Estrella,Tennessee,-0.8350390395709094,-0.8355842306237352,-0.820806578392724,0.698285822605194
483,Cameron Carr,Tennessee,-0.8193270976314138,-0.8353148633244561,-0.8843871399343579,0.6410606348345937
484,Cade Phillips,Tennessee,-0.9951437579199315,-1.0016662671106313,-1.0104143083253703,0.295904045816096
485,Colin Coyne,Tennessee,-1.068731490103365,-1.0693008523164664,-1.0793674089550676,0.06255588732945405
486,Grant Hurst,Tennessee,-1.1644965808933958,-1.1501509428955448,-1.1420405151136246,-0.15978484034969265
487,Kaylan Makan,Tennessee,-1.1714578817957466,-1.1708525362702547,-1.1834411433213108,-0.18320974644527288
488,Terrence Shannon,Illinois,3.1208608264362003,3.1470372645580227,3.1430420508935946,11.387852304943284
489,Marcus Domask,Illinois,1.8857775511814259,1.8582278351826762,1.8885198194237656,7.924304654633161
490,Coleman Hawkins,Illinois,1.1352858443594467,1.1500374689042943,1.1842329988841183,5.969994745601646
491,Quincy Guerrier,Illinois,0.6945075808327577,0.6579758292415723,0.6560558043935518,4.770157792231643
492,Ty Rodgers,Illinois,0.06483274099091703,0.09294743794709569,0.09605182198961075,3.0952751841133006
493,Dain Dainja,Illinois,0.04200715264286072,-0.0019377655378252459,0.015853853123317965,2.9724348513325607
494,Luke Goode,Illinois,-0.07628972433321624,-0.03634504165933604,-0.07415468653641255,2.822500908329854
495,Justin Harmon,Illinois,-0.04980557433531121,-0.044563070246931034,-0.07514960338107231,2.7868630614649743
496,Dra Gibbs-Lawhorn,Illinois,-0.6428024236201594,-0.641783135780965,-0.6414830737908878,1.2432464518068644
497,Amani Hansberry,Illinois,-0.7278586873021294,-0.7421560146631674,-0.7492899232920883,0.8019495759030826
498,Niccolo Moretti,Illinois,-0.9230132208931946,-0.8550547481418576,-0.913219953392093,0.567803055394787
499,AJ Redd,Illinois,-1.1261092826305976,-1.099261658941278,-1.0781304885521088,0.028075547812419277
500,Max Williams,Illinois,-1.1071605887809286,-1.1369158690194403,-1.0795212223039916,-0.052890421228938056
501,KJ Simpson,Colorado,2.5443514827743687,2.500775278230978,2.54324727927077,9.770412058582172
502,Tristan Da Silva,Colorado,1.8470657613362258,1.8546931368998667,1.8531482416568268,7.892678260999363
503,Cody Williams,Colorado,1.0750278378803277,1.0461356086456215,1.0254344914043472,5.800377720587823
504,J'Vonne Hadley,Colorado,1.028422489594449,0.9907028642803815,1.0398732496985665,5.556464857985231
505,Eddie Lampkin,Colorado,0.8609592996302243,0.8371971557594543,0.8561444349719276,5.305181100327376
506,Julian Hammond,Colorado,0.27963055748736254,0.275215217192736,0.2831796211160929,3.5800129158780325
507,Luke O'Brien,Colorado,0.1201372637527718,0.11828284322782356,0.15942649221114055,3.288481536383479
508,RJ Smith,Colorado,-0.6001134352482679,-0.6043159875790576,-0.5983333016607587,1.2995809587757252
509,Javon Ruffin,Colorado,-0.7639064228762038,-0.7077658733832588,-0.7667194050975932,0.8878982972472049
510,Bangot Dak,Colorado,-0.8421446448249779,-0.8145867345601221,-0.8194903506338129,0.6977016534048159
511,Assane Diop,Colorado,-0.8905069465273928,-0.9222414262858796,-0.9171527079787838,0.4273931829268576
512,Harrison Carrington,Colorado,-0.9504034053318979,-0.9351204783860239,-0.9386027553513743,0.3598663548228642
513,Greg Gerhardt,Colorado,-1.159595312301206,-1.174551761623134,-1.1713045502542234,-0.14909971606817773
514,Joe Hurlburt,Colorado,-1.1787605703951833,-1.126646779240932,-1.1045919429381423,-0.2254258550743682
515,Jack Pease,Colorado,-1.1440463689452094,-1.1368656846495153,-1.134822649518778,-0.08470348053007504
516,Riley Minix,Morehead State,2.7536190254510267,2.7760357771067383,2.7315551637656035,10.205573404257848
517,Jordan Lathon,Morehead State,1.7784578880794903,1.816876007362129,1.7568038302349618,7.672409330226897
518,Kalil Thomas,Morehead State,1.1910851602050108,1.1715974850984456,1.1856605967447618,6.030944970140209
519,Drew Thelwell,Morehead State,0.7418004059835932,0.7028526132678975,0.774515188715585,4.944649721540172
520,Eddie Ricks III,Morehead State,0.2540191782109706,0.24881491983190865,0.2796371088158792,3.5954231617990553
521,Dieonte Miles,Morehead State,-0.19578200126079237,-0.21815116590147865,-0.20018847067575687,2.4055004692265882
522,Trent Scott,Morehead State,-0.26764670924563577,-0.2520367864513167,-0.27684021878864074,2.1279840127194336
523,Zach Iyeyemi,Morehead State,-0.7384591398891911,-0.7307853543301986,-0.6758868779020246,0.9005820858586193
524,George Marshall,Morehead State,-0.6991606006516351,-0.7656341237672935,-0.7472315192022405,0.9243514205670103
525,Jerone Morton,Morehead State,-0.7499182581938879,-0.7404213643005636,-0.7518624555110107,0.949690286031381
526,Brady Dingess,Morehead State,-1.0222866181097308,-1.0712991256893825,-1.0405005924930282,0.12558947067259485
527,Baylor Scheierman,Creighton,2.2767887525038546,2.272477708656144,2.2914561727673686,9.065205270776417
528,Trey Alexander,Creighton,2.188661077517051,2.212477989363346,2.2126082858635288,8.69783012483081
529,Ryan Kalkbrenner,Creighton,2.044261540292116,2.0612765872421535,2.033086038783364,8.541354508669183
530,Steven Ashworth,Creighton,0.9357792039526663,0.9364243746973849,0.9353588724219302,5.436082899011453
531,Mason Miller,Creighton,-0.053818638535930205,-0.1157789944436689,-0.10430221741822503,2.755315608905535
532,Francisco Farabello,Creighton,-0.3864588304833841,-0.4366888933100932,-0.392656795353938,1.9101351816866405
533,Isaac Traudt,Creighton,-0.5832808251575189,-0.6039141540077069,-0.5910479424932338,1.2172721955467622
534,Fredrick King,Creighton,-0.6507955787147223,-0.6811895525976627,-0.6627011616531342,1.2598833148182127
535,Jasen Green,Creighton,-0.8609643892658644,-0.8605391945290376,-0.8863634642154481,0.5912936580042767
536,Josiah Dotzler,Creighton,-0.9239227431951694,-0.8586610392905761,-0.8986100672600067,0.5588044132236387
537,Johnathan Lawson,Creighton,-1.020294457812242,-1.0677954691290217,-1.0003281054004558,0.3893960474607465
538,Walter Clayton,Florida,2.1305143565678017,2.1705669993688548,2.1691363173052793,8.69808723741593
539,Zyon Pullin,Florida,1.7319760985933166,1.7498708093331543,1.7753826719917365,7.529439489188976
540,Tyrese Samuel,Florida,1.4558355243787906,1.474090831309776,1.4498913049214317,6.836939019786502
541,Will Richard,Florida,1.0238647262870253,0.9911380263007554,1.0126352656188045,5.560159464731788
542,Riley Kugel,Florida,0.6306313481014736,0.6275913093981186,0.6158635873428673,4.586070047981292
543,Alex Condon,Florida,0.2791597943928198,0.26557328868447627,0.2970249729292649,3.6728346121200266
544,Micah Handlogten,Florida,-0.13970595883804468,-0.15639347087906297,-0.14780881707122784,2.4439081717958975
545,Thomas Haugh,Florida,-0.45343679109463125,-0.4110277306014543,-0.5003687564746221,1.755463967927466
546,Denzel Aberdeen,Florida,-0.4562042047649787,-0.49406100578026074,-0.4976596486595088,1.4928294439543486
547,Julian Rishwain,Florida,-0.8304291830234887,-0.8859185448905943,-0.8721157944560015,0.718312966884795
548,Kajus Kublickas,Florida,-1.0308367054901255,-0.9772998862026911,-0.99411938965261,0.3148172205946218
549,Bennett Andersen,Florida,-1.0734619329759651,-1.086044990091415,-1.0627551965589213,0.09520198234064603
550,Cooper Josefsberg,Florida,-1.1553379310277034,-1.1695770910335912,-1.1196490157889727,-0.11581961086825832
551,Alex Klatsky,Florida,-1.165875253306232,-1.1277422289163461,-1.1236329872085948,-0.07078888634974101
552,Jack May,Florida,-1.1973303705759337,-1.1602351222831775,-1.179308528125588,-0.2335981076412943
553,Dozier Kintavious,Grambling,1.2972573025460277,1.3127772212433921,1.3252570669841457,6.370728383003016
554,Tra'michael Moton,Grambling,1.1341272712762343,1.106353690725446,1.1042665653392814,5.980614996528725
555,Antwan Burnett,Grambling,0.6776133984679934,0.7717652744718974,0.7601131381666755,4.842576440094028
556,Jourdan Smith,Grambling,0.7123681154093632,0.6751162387421039,0.691315168900527,4.779697516543614
557,Terrence Lewis,Grambling,0.319643931509955,0.35077839268480837,0.3386901675633856,3.8066594131034277
558,Jalen Johnson,Grambling,0.19797622544533655,0.2836990501363836,0.2465467666506594,3.6394290958015083
559,Mikale Stevenson,Grambling,-0.27547710040473505,-0.2740598691840597,-0.2328812084421273,2.285121038143854
560,Jonathan Aku,Grambling,-0.3085256992265358,-0.29641376929215507,-0.3259359591070359,2.037612252856184
561,Jimel Cofer,Grambling,-0.5084619462438792,-0.5132304173699898,-0.5607550252767411,1.5897431251930048
562,Zahad Munford,Grambling,-0.8017433193213468,-0.8171297879611806,-0.8221044307437665,0.6932167368352369
563,Quintin Murrell,Grambling,-0.7933927794445813,-0.8634921227473464,-0.8630030655347055,0.5808500133257506
564,William Reynolds,Grambling,-0.9344719205230605,-0.9398484575919311,-0.9401648949368424,0.48305321343910634
565,Malik Lamin,Grambling,-1.026017653182886,-1.0542717137585225,-1.0215710265263804,0.19462399128015573
566,Elvis Nnaji,Grambling,-1.0998611012999986,-1.077426796259053,-1.0952122584997832,0.02692122483856707
567,Kevin McCullar,Kansas,2.3171132471346145,2.286730425838327,2.246696394439135,9.016715571883832
568,Hunter Dickinson,Kansas,2.2204275348544815,2.2103967428804094,2.210770855234857,8.789266878233056
569,KJ Adams,Kansas,1.147354098660099,1.1874129154461155,1.2508738961385155,6.196491831090028
570,Johnny Furphy,Kansas,0.5224993342408787,0.5307600707852222,0.5717211397773146,4.437266216384838
571,Dajuan Harris,Kansas,0.4819367571175504,0.4819454309485625,0.47593186446116,4.204056411402137
572,Nicolas Timberlake,Kansas,-0.13363614318852676,-0.18194072254308924,-0.18492243897378688,2.553272985873347
573,Elmarko Jackson,Kansas,-0.3372859739143977,-0.3887709316363163,-0.3422163472461092,2.001998455425581
574,Parker Braun,Kansas,-0.771176009159681,-0.7247497528946127,-0.7494409185518881,0.9529552993020238
575,Jamari McDowell,Kansas,-0.7904569374664553,-0.7798304133911509,-0.8313097908551583,0.7292768676968233
576,Michael Jankovich,Kansas,-0.8542919566494569,-0.8675539848099351,-0.8364385054023031,0.61579611702739
577,Patrick Cassidy,Kansas,-1.0082411727868164,-1.0127491680601002,-0.9551994094684061,0.3045727809942118
578,Wilder Evers,Kansas,-0.9882365593101503,-1.0461797329501794,-1.0190527465209427,0.27613698655989927
579,Dillon Wilhite,Kansas,-1.106330110967612,-1.0973647177168593,-1.0925983642791135,0.0005454599294516527
580,Chris Carter,Kansas,-1.2062978461895346,-1.1436425323615627,-1.177313236214301,-0.17174265488600282
581,Reyne Smith,College of Charleston,1.2474351716292642,1.2168023753538457,1.2245342807723585,6.286925336470356
582,Ante Brzovic,College of Charleston,1.1451769435051715,1.1564455955763986,1.1637088646819511,5.98898795511929
583,Ben Burnham,College of Charleston,1.0679181190190756,1.0582276053646924,1.094635185011351,5.872049874008627
584,Kobe Rodgers,College of Charleston,0.6297446840187096,0.6889505738646629,0.651413358972649,4.753712689797819
585,Frankie Policelli,College of Charleston,0.6564746475546176,0.6567869625091839,0.6849329251724925,4.586334398088514
586,Bryce Butler,College of Charleston,0.43322946907687865,0.4452233675280278,0.3760189252970247,4.007780470944217
587,James Scott,College of Charleston,-0.21865551972994104,-0.2047602525685869,-0.21416921253459062,2.3154719589365667
588,Jordan Crawford,College of Charleston,-0.2574858092355365,-0.24356407693799828,-0.24676521850194377,2.150711141168091
589,CJ Fulton,College of Charleston,-0.34775477317066156,-0.3540723545492265,-0.3626226280980326,1.975941026863592
590,Khalil London,College of Charleston,-0.5745683699447157,-0.6064557136122335,-0.5639939272540456,1.355576048787584
591,Mayar Wol,College of Charleston,-0.885759939949774,-0.9342464812263782,-0.9314638053283644,0.3626352274379214
592,Spencer Legg,College of Charleston,-1.0167688646592634,-1.0092374745694406,-0.9925158216698536,0.2863571501225226
593,Evan Kilminster,College of Charleston,-1.0355081212924455,-0.9734694788575807,-1.0055083661958495,0.201283276911143
594,Adam Comer,College of Charleston,-1.1110328473308995,-1.0840367331102974,-1.0444658583190256,0.09585697166091389
595,Jack Miller,College of Charleston,-1.1388503913746402,-1.1319827978766848,-1.1345578997561947,-0.07545859598613047
596,Dylan Ritter,College of Charleston,-1.1564738410202655,-1.1488523669315718,-1.1500717794784803,-0.16499168344038395
597,Shahada Wells,McNeese State,2.1982760466524676,2.1900982703336473,2.2049720427817205,8.776396476656723
598,Christian Shumate,McNeese State,1.1266458476841237,1.1070187892847154,1.096490192340354,5.799614146499135
599,DJ Richards,McNeese State,0.9560247827193126,0.9349739569655137,1.0015982550103864,5.549745487559626
600,Javohn Garcia,McNeese State,0.9091011981223062,0.9593621514125096,0.9606365509327823,5.4532010297368
601,Antavion Collum,McNeese State,0.49173606738758086,0.4456045571835654,0.48798065534476603,4.243141262365199
602,Nasir Mann,McNeese State,0.24513422883789712,0.2226272816439487,0.2542317676955643,3.602048678996166
603,CJ Felder,McNeese State,0.009048750312043734,-0.0015609012490710144,0.009665295550654573,2.909357065723302
604,Mike Saunders,McNeese State,-0.02411374019742823,-0.05417487656338273,-0.036316812172453514,2.8325788295045884
605,Dionjahe Thomas,McNeese State,-0.17538717064350254,-0.1631651570535331,-0.17081783616397392,2.465482948432229
606,Omar Cooper,McNeese State,-0.4605970063646342,-0.4246674842219254,-0.425842878527889,1.7700206320982843
607,Cameron Jones,McNeese State,-0.47093968520235074,-0.5304048464400893,-0.4900283773612425,1.6050748300993924
608,Roberts Berze,McNeese State,-0.5483329340350006,-0.5608236764399172,-0.5436191087399814,1.5080488250889137
609,Wesley Fields,McNeese State,-0.6927087215452478,-0.6864222782211468,-0.7081864490320038,1.0365481750712449
610,T'Johnn Brown,McNeese State,-0.7327554619435838,-0.73456374594092,-0.7614743767870161,1.0150710549187951
611,Ja'Kobe Walter,Baylor,1.6365140380180527,1.5506121199901237,1.5883007799549465,7.131600188647425
612,Rayj Dennis,Baylor,1.4551181525481351,1.4190706536899578,1.416373525957544,6.784340966628605
613,Jalen Bridges,Baylor,1.1398768439381781,1.0943349605843051,1.1611134285695046,5.894882088099827
614,Langston Love,Baylor,0.9073009726562578,0.9405593644601381,0.9198711954308445,5.279745125209205
615,Yves Missi,Baylor,0.8586989402021445,0.8227045514832586,0.8269936835253661,5.1293488207788815
616,Jayden Nunn,Baylor,0.7707286483256738,0.7897702447724408,0.8019209361948189,5.148948887748173
617,Josh Ojianwuna,Baylor,-0.2832915007633405,-0.22317017022488322,-0.2337525042258137,2.18878081582574
618,Dantwan Grimes,Baylor,-0.26959972743812444,-0.31529699674734263,-0.2553420148106385,2.2276939397650968
619,Caleb Lohner,Baylor,-0.6528824923511973,-0.7140137476248942,-0.6878847783549448,1.0165827978164372
620,Miro Little,Baylor,-0.8442643140910352,-0.810473271869294,-0.8648599432302727,0.789453028748599
621,Jonathan Tchamwa Tchatchoua,Baylor,-0.9074164131394362,-0.8794203617352988,-0.9114607891693289,0.5796658558823089
622,Austin Sacks,Baylor,-0.9422479358740337,-0.9336744546920054,-0.9306949308885538,0.3674416479701894
623,Jalen Blackmon,Stetson,2.795999164715776,2.8655091227122456,2.8783688629316515,10.586046890011698
624,Stephan Swenson,Stetson,1.5135824763005432,1.4949544633149288,1.5029262086295876,6.9420356142043795
625,Aubin Gateretse,Stetson,1.0064099126065835,0.9966632209257591,0.9719593497308466,5.6458530579528015
626,Alec Oglesby,Stetson,0.8738027283844398,0.8557691474791009,0.908289618242816,5.319647020525127
627,Josh Smith,Stetson,0.40356408637389357,0.40986711299709155,0.4233738061442017,3.984555617314598
628,Treyton Thompson,Stetson,-0.28977242072614573,-0.3048685522802614,-0.3345594840830114,2.0904310034801625
629,Tristan Gross,Stetson,-0.37982172635011174,-0.35953692376200075,-0.4025727701177071,1.7899128151765373
630,Cyncier Harrison,Stetson,-0.4678073697686589,-0.4514862320680032,-0.4125938520598717,1.8481510489616373
631,Jackson Huxtable,Stetson,-0.5701380401512917,-0.6229835324055714,-0.5875699395680937,1.2344196081536223
632,Giancarlo Valdez,Stetson,-0.7967582568674423,-0.7599453805886224,-0.7843671986184161,1.0254384271728867
633,Landen Babusiak,Stetson,-0.7813033555514964,-0.7722736952441634,-0.7620927491186203,0.7916622933368576
634,Finley Sheridan,Stetson,-0.8014737400670706,-0.8089401592673839,-0.7912367687618894,0.8011656190736041
635,Naeem Lewis,Stetson,-0.8851410168173609,-0.8801561937015615,-0.8671579871603582,0.6155031227153764
636,Alex Doyle,Stetson,-0.882399733073572,-0.8692853893091327,-0.8855686711763472,0.47898324121239355
637,Bruce Kanno,Stetson,-0.9114902427122861,-0.8808651008879441,-0.9184386968005837,0.5112238656756278
638,Isaac Jones,Stetson,-0.9720061976764752,-0.9698847364256609,-0.9767887298154007,0.495628757176116
639,Corey Washington,St. Peter's,1.812043722494156,1.8047373498701595,1.8221829037842607,7.874546619851782
640,Latrell Reid,St. Peter's,1.0434315512304941,0.9833801317101487,0.9815710746235854,5.590857463742264
641,Michael Houge,St. Peter's,0.45356039134670795,0.4314603910003765,0.45387776393552454,4.085863146907545
642,Roy Clarke,St. Peter's,0.24514212876320648,0.19921659453266946,0.23262234547237673,3.4921132947192586
643,Marcus Randolph,St. Peter's,0.07625157269759616,0.08880817436489184,0.11352842690608766,3.1834418280520427
644,Armoni Zeigler,St. Peter's,0.03122167573821042,0.009170363477478535,0.0351578516276323,3.0979682565567517
645,Mouhamed Sow,St. Peter's,-0.12104615689311411,-0.11721130382587906,-0.1058902946413201,2.596735306010812
646,Brent Bland,St. Peter's,-0.22599245732692874,-0.12195775924906635,-0.18694268330683447,2.4373211580274843
647,Stephon Roberts,St. Peter's,-0.7155634297191407,-0.6834438759110797,-0.7062514968678923,1.074428118765883
648,Elijah Wood,St. Peter's,-0.7866526000152195,-0.7972154916677535,-0.8110185137023022,0.8445331945083541
649,Elijah Perkins,St. Peter's,-0.9239058531452797,-0.872533849798377,-0.9102494542020795,0.5889364213118191
650,DaRon Holmes II,Dayton,2.5966887842409765,2.617039949668532,2.660716777947014,10.028884627829484
651,Nate Santos,Dayton,1.0330516645017853,1.0531169033970609,0.9808950076035932,5.6613188835372235
652,Koby Brea,Dayton,0.8846845245935079,0.8859447987902492,0.9345359457192042,5.3187029096009635
653,Kobe Elvis,Dayton,0.6356942701564033,0.6479094329888957,0.6169798813646712,4.6503083602488875
654,Javon Bennett,Dayton,0.4666052223687761,0.3985765056038184,0.4323092967282176,4.145851294347739
655,Enoch Cheeks,Dayton,0.3946635422460545,0.38098919340711507,0.3827465198050434,4.001790894029509
656,Isaac Jack,Dayton,-0.5337824784114497,-0.5959685826512947,-0.5900821273432137,1.4335673248834777
657,Zimi Nwokeji,Dayton,-0.7087984013882479,-0.752319253201932,-0.7412857478004163,1.0754774941832863
658,Brady Uhl,Dayton,-0.8516113561430162,-0.8518458067448738,-0.8945242521284064,0.5670323961388957
659,Petras Padegimas,Dayton,-0.91941493348111,-0.9058320987753724,-0.9407540236851224,0.45271021719517535
660,C.J. Napier,Dayton,-0.982020220393516,-0.9615907767947219,-0.9500650891521917,0.3251079035733544
661,Atticus Schuler,Dayton,-1.113860795977009,-1.0594852217817667,-1.1009632529648319,0.05758282571710893
662,Evan Dickey,Dayton,-1.1477307173496494,-1.201810944093651,-1.1586431486400832,-0.1864075405148231
663,Makai Grant,Dayton,-1.147746921699448,-1.1373614183527752,-1.1696974618985259,-0.06353657924794343
664,Will Maxwell,Dayton,-1.1656047560157303,-1.1692300390031816,-1.152441231862491,-0.13866758561348824
665,Malachi Smith,Dayton,-1.1342145399242782,-1.1375321896646273,-1.1716345702701558,-0.14549065677041018
666,TJ Long,Vermont,1.0718459077023397,1.113427439627931,1.1110901940111642,6.029950734842512
667,Shamir Bogues,Vermont,0.9773219168325373,0.983590967815605,1.0173746251361389,5.606264168024096
668,Aaron Deloney,Vermont,0.9243909627185463,0.9705374281036222,0.9286343556293505,5.454432084986682
669,Matt Veretto,Vermont,0.5079246462892868,0.469215677771548,0.49838802903047213,4.216250055665471
670,Nick Fiorillo,Vermont,0.4362130067754343,0.4199798577355494,0.4622160556758544,4.201690507260034
671,Ileri Ayo-Faleye,Vermont,0.29949051538582905,0.2947058920383151,0.2765351006771998,3.659877223901194
672,TJ Hurley,Vermont,0.2740025317044917,0.24847804815973693,0.25285670424802514,3.5922457193128414
673,Sam Alamutu,Vermont,-0.3540774760912442,-0.3302069453703077,-0.32752245652021666,1.9599054528507471
674,Jace Roquemore,Vermont,-0.47801573244190637,-0.44874115394573627,-0.46636940945625316,1.6302718062239996
675,Brenton Mills,Vermont,-0.6482287593115799,-0.7152866539884591,-0.6837255160180912,1.0393458943770484
676,Seth Joba,Vermont,-0.7063469812929746,-0.7148286282316654,-0.7708951570559877,0.9365468614705035
677,Michel Ndayishimiye,Vermont,-0.7060380422191992,-0.6993886049021992,-0.7441165855734978,0.8828107886436629
678,Jackson Skipper,Vermont,-0.7669911884715797,-0.7911953365578279,-0.7619093904066585,0.8724606234922869
679,Keisei Tominaga,Nebraska,1.691874522039871,1.6623607005409873,1.6947055800734647,7.466844853988429
680,Brice Williams,Nebraska,1.3586574948555081,1.3806494867320658,1.3409727733220902,6.538795299507781
681,Rienk Mast,Nebraska,1.2139021251552646,1.203173295068516,1.20613869164372,6.176181734267958
682,Juwan Gary,Nebraska,0.9957262965484732,1.01622056747026,1.0118862995116753,5.620408803202723
683,C.J. Wilcher,Nebraska,0.2888384246642321,0.2663998156525353,0.28890199948214107,3.7561107762596375
684,Josiah Allick,Nebraska,0.21143662141023464,0.21848430195421475,0.2140216514696467,3.420677580935773
685,Jamarques Lawrence,Nebraska,0.1751661510735187,0.17879807451123772,0.11802205108317443,3.3958411760901677
686,Eli Rice,Nebraska,-0.3741558945421309,-0.38721644492429214,-0.35964328818362223,1.907410944094766
687,Sam Hoiberg,Nebraska,-0.5214127437823459,-0.528741274454447,-0.5182459474783631,1.536427407608861
688,Jarron Coleman,Nebraska,-0.6760380934835137,-0.6652766247161624,-0.6900336019906186,1.1640868961093789
689,Matar Diop,Nebraska,-0.9987686061205668,-0.9952745049796509,-0.9969289101100669,0.21687896937069562
690,Cale Jacobsen,Nebraska,-0.9999889635982798,-1.0347897995473934,-1.0414277759210981,0.22976966185306802
691,Jeff Grace,Nebraska,-1.0880879917748667,-1.1466099501321108,-1.0620420760910365,0.1353990177969573
692,Henry Burt,Nebraska,-1.1111944140049845,-1.1039100145524592,-1.0734095488550717,-0.06178544860152213
693,Caleb Love,Arizona,2.2547649576190665,2.2406019625717386,2.2418596738281127,8.928354025511211
694,Oumar Ballo,Arizona,1.2436168356331223,1.1990858105713003,1.2493604093400121,6.24272680487943
695,Pelle Larsson,Arizona,1.2875705607451042,1.271853212901054,1.2549356801092884,6.336733861929271
696,Keshad Johnson,Arizona,1.020703696468374,1.0533493276783423,1.028203782979201,5.730378233293491
697,Kylan Boswell,Arizona,0.7186086482157461,0.7182531085057671,0.7157414413067225,4.81252518072979
698,Jaden Bradley,Arizona,0.0849620435579801,0.1143652713994266,0.12518272294734567,3.210976710292482
699,KJ Lewis,Arizona,-0.009908706152785279,0.004651874963631536,-0.02729440149881892,2.993400029148937
700,Motiejus Krivas,Arizona,-0.1497828302388733,-0.12426168533860364,-0.14614052931837815,2.558547594725849
701,Paulius Murauskas,Arizona,-0.682072125121883,-0.6531472476589172,-0.6557213823666505,1.1164655980995573
702,Filip Borvicanin,Arizona,-0.7143617767098962,-0.7543329246668378,-0.7262998049915959,0.9132921372738894
703,Conrad Martinez,Arizona,-0.9997468463267312,-0.9840074795987199,-0.9781353570548827,0.2667198535500903
704,Luke Champion,Arizona,-1.0724228658359387,-1.0708049608897772,-1.0739786103239979,-0.010865042118045398
705,Will Menaugh,Arizona,-1.0587051041678255,-1.1237311917261366,-1.0799102729122667,0.04160598426903572
706,Grant Weitman,Arizona,-1.1227022450832242,-1.0808976016797662,-1.039815260135065,0.048458991150230446
707,Marcus Tsohonis,Long Beach State,2.1754787267347733,2.16987084073479,2.2137221776837843,8.724600539990115
708,Jadon Jones,Long Beach State,1.1075657361565123,1.0916562832182357,1.1368485032150724,5.904890033312213
709,Aboubacar Traore,Long Beach State,1.088735603413857,1.1171154924631597,1.0798886176827323,5.8381079345036895
710,Lassina Traore,Long Beach State,1.0610726613921615,1.1102185006177343,1.0950485562396621,5.833081442418165
711,AJ George,Long Beach State,0.8063312421160989,0.812461640140065,0.8322693517202931,5.089219938254445
712,Messiah Thompson,Long Beach State,-0.009357041822901804,-0.08253739321318995,-0.04961670557744346,2.8030625827653024
713,Amari Stroud,Long Beach State,-0.378882301040142,-0.3637059178351734,-0.31218681964763906,2.0226701930540596
714,Isael Silva,Long Beach State,-0.6897728835036101,-0.6899911838594369,-0.679489079735406,1.0732642586613161
715,Varrick Lewis,Long Beach State,-0.7196116945593822,-0.6924745548190719,-0.7141254344829959,1.0553667814351195
716,Chayce Polynice,Long Beach State,-0.8526290316433887,-0.8163501547848145,-0.8552284374298376,0.659243323318516
717,Jason Hart,Long Beach State,-0.9022567112095514,-0.8487308984526758,-0.8856008312814839,0.6860479072989083
718,Jeffrey Yan,Long Beach State,-0.9949058887439601,-1.0656204553785438,-1.0203558879511776,0.21275631065442324
719,Maddox Monson,Long Beach State,-1.0438306850967995,-1.0138134724170644,-1.0174928753769776,0.13330789055039993
720,Eli Djordjevic,Long Beach State,-1.0566354899908803,-1.092056989335547,-1.0421456748874511,0.12386421644259649
721,Enrique Freeman,Akron,2.319834462748006,2.323682609189288,2.2869056175985785,9.083090999828311
722,Ali Ali,Akron,1.7394121094145667,1.7537628833966756,1.7310564488757214,7.531705631840645
723,Greg Tribble,Akron,0.7869448296701286,0.7647735109648928,0.7914649873918556,4.992590533257781
724,Sammy Hunter,Akron,0.4976486827587206,0.5267612771766433,0.5200829890221448,4.262886945911893
725,Nate Johnson,Akron,0.2078216714070847,0.24382662735625735,0.26346495640477985,3.6603965427546417
726,Mikal Dawson,Akron,-0.11537474866419566,-0.11609820127505513,-0.1309664546139982,2.5969440731717452
727,Shammah Scott,Akron,-0.22264366411119604,-0.24666417691580278,-0.24209369674523804,2.2942554519808565
728,Tavari Johnson,Akron,-0.373863560834966,-0.3977416514722501,-0.3704078492380384,1.8339259041151739
729,Kaleb Thornton,Akron,-0.5117446508698642,-0.519399598948382,-0.5291326737879561,1.5378394034028529
730,Amani Lyles,Akron,-0.7464808134380859,-0.7479588708582317,-0.726557218955667,0.8618481614284685
731,Ryan Prather,Akron,-0.8481094751281054,-0.8629266937561932,-0.842258382995494,0.6856949919241329
732,Evan Wilson,Akron,-0.8359511734532241,-0.8224843627400363,-0.797027742486793,0.6468828959174804
733,Zach Halligan,Akron,-0.9724399376406919,-0.9865780505225857,-0.9579392525359974,0.25354369428407475
734,Wade Taylor,Texas A&M,2.4997821278092416,2.4761755292799563,2.5106931025666563,9.46844797819961
735,Tyrece Radford,Texas A&M,2.015670226712409,2.019955986340029,1.981609592519379,8.227031602157698
736,Henry Coleman,Texas A&M,0.4989537099527513,0.49667499410558374,0.5007110192941294,4.266178124502494
737,Solomon Washington,Texas A&M,0.23576786927854249,0.26811238008247157,0.23672417935909099,3.509240991545879
738,Manny Obaseki,Texas A&M,0.18469854035605066,0.19116279343457962,0.17814831218620938,3.2874625079682316
739,Jace Carter,Texas A&M,0.13981940267809362,0.18622458361191152,0.13415000510549852,3.380965350088004
740,Andersson Garcia,Texas A&M,-0.055427071530072924,-0.08287779451430344,-0.008854102358894621,2.865285717272997
741,Hayden Hefner,Texas A&M,-0.16313415263811484,-0.18385253565851084,-0.15080612013948072,2.456928922529325
742,Eli Lawrence,Texas A&M,-0.7820085269779342,-0.7138548504317792,-0.7414947396945558,0.977467431792856
743,Bryce Lindsay,Texas A&M,-0.8218722595336451,-0.7895277298885287,-0.7847505221774462,0.7614604545524291
744,Wildens Leveque,Texas A&M,-0.8401692908931168,-0.8530090929117986,-0.8619359417902239,0.6921954101709566
745,Jaelyn Lee,Texas A&M,-0.9610113370624361,-1.010702693137164,-1.008611688993056,0.2402479436428302
746,Emanuel Miller,TCU,1.7937779950209738,1.793577423035182,1.814268723756045,7.647909329620073
747,Jameer Nelson,TCU,0.938465856162245,0.9800100592144937,0.9781701441291033,5.50533260941817
748,Micah Peavy,TCU,0.9345536514327076,0.9123440896559409,0.9236287928224329,5.377505748993924
749,JaKobe Coles,TCU,0.7257000364369398,0.6909956552152405,0.6985584605705245,4.845482098447036
750,Trey Tennyson,TCU,0.3994170057445454,0.46672242586465656,0.44472999761218246,4.091879730727078
751,Avery Anderson,TCU,0.35252476199876187,0.35200209548332817,0.3141868871777325,3.803189104335668
752,Chuck O'Bannon,TCU,-0.12754958559606006,-0.11431681777340497,-0.09021630162369564,2.5008791112921673
753,Ernest Udeh,TCU,-0.3862705086185127,-0.3561190034482575,-0.3821425060352659,1.9575677326172334
754,Xavier Cork,TCU,-0.3764160269451895,-0.3916611274175527,-0.374610722488602,2.022440921576066
755,Essam Mostafa,TCU,-0.6079629308677822,-0.6436511069214967,-0.6473532048216474,1.3068263956657182
756,Tyler Lundblade,TCU,-1.0276323343322855,-1.006205514507463,-1.0036367687059744,0.2811781324591096
757,Darius Ford,TCU,-1.0359290772698344,-0.9971253811184916,-1.049734993543028,0.09362182809784514
758,Cole Despie,TCU,-1.0841983942160305,-1.1366869274565126,-1.0757100068680647,0.1034102670070598
759,Trey Stuart,TCU,-1.1413483154644872,-1.1288017083072468,-1.1381531435783876,-0.10608823614927188
760,Tyon Grant-Foster,Grand Canyon,2.6308767794101455,2.5700239594805003,2.6049809367806653,9.834183312795634
761,Rayshon Harrison,Grand Canyon,1.3933654077320332,1.4217199055626126,1.3661035861168052,6.6628238144647
762,Gabe McGlothan,Grand Canyon,1.2082191683662225,1.2652415936621306,1.2384895885777667,6.2009036471260375
763,Collin Moore,Grand Canyon,0.33550406961024365,0.4216828365582843,0.41940044433379736,4.02128416757267
764,Duke Brennan,Grand Canyon,0.14312434626553022,0.16095657136844257,0.17492997362257717,3.219857571805854
765,Lok Wur,Grand Canyon,-0.07828472355195727,-0.09926350847631912,-0.11628498950979388,2.594205033728357
766,Jovan Blacksher,Grand Canyon,-0.2586363180483755,-0.22357467862864425,-0.22959936966943945,2.2207022913958987
767,Sydney Curry,Grand Canyon,-0.5991306865353081,-0.6473172988299887,-0.6089855493487109,1.2714450078992852
768,Josh Baker,Grand Canyon,-0.6174488926093137,-0.6337827441499567,-0.5787671672059593,1.3981945157157583
769,Isaiah Shaw,Grand Canyon,-0.6126159572811105,-0.6297478066378235,-0.6871820085109164,1.122444545435044
770,Derrick Michael Xzavierro,Grand Canyon,-0.808290417467755,-0.8365371554454737,-0.8434758745820714,0.738156809610385
771,Marquese Josephs,Grand Canyon,-0.9137873051911275,-0.8817613408979916,-0.9124231118769763,0.5410736655353845
772,Noah Amenhauser,Grand Canyon,-0.9303968008994415,-0.9336049292472484,-0.9485706914937576,0.45561643259036577
773,Malcolm Flaggs,Grand Canyon,-0.940680897133705,-1.0091354137518684,-1.0250089616815483,0.1860402770762577
774,Terrence Edwards,James Madison,2.0575634655564925,2.100098231395903,2.064738775450018,8.475023063190195
775,T.J. Bickerstaff,James Madison,1.30888880134984,1.3146475729159826,1.338803369008113,6.3794340024869385
776,Noah Freidel,James Madison,1.0966735771828255,1.0656396482195993,1.065345205075212,5.803002410354104
777,Julien Wooden,James Madison,0.7436486749663422,0.7351079367475899,0.6726001790727101,4.7743277926828736
778,Michael Green,James Madison,0.25129787545134713,0.23869893516566904,0.2581511637410371,3.5410212126410125
779,Jaylen Carey,James Madison,0.15324644020160613,0.16019587240942887,0.12828481027777539,3.3217273763398043
780,Raekwon Horton,James Madison,0.14278418449799893,0.13138136272835235,0.12899888518874458,3.3138388669998076
781,Xavier Brown,James Madison,0.04052009339606584,0.0813217837886025,0.03981797904548557,2.976487306794042
782,Quincy Allen,James Madison,-0.4279076744145923,-0.44563903777340363,-0.44448623208016536,1.694234533608912
783,Jerell Roberson,James Madison,-0.8252233859691508,-0.8305406555447066,-0.8635332256227516,0.6267736336918759
784,Bryant Randleman,James Madison,-0.892972095199622,-0.8448707481396586,-0.8384890009040739,0.7510254097697051
785,Jarrell Pope,James Madison,-0.9915946004747758,-1.013236324799468,-1.020037199272839,0.2002243563530648
786,Hollman Smith,James Madison,-1.0349811912833997,-1.0229616109081818,-0.9990267436712837,0.16454563931187405
787,Shane Feden,James Madison,-1.0340259262247224,-1.0503033869749285,-1.0655486573596264,0.01680544631281533
788,Aidan Mckeon,James Madison,-1.09985075122686,-1.0863735327667596,-1.0845881212966586,0.04842885245883011
789,RJ Davis,UNC,2.8218971008662797,2.853447822644182,2.8749939164664786,10.536194492851756
790,Armando Bacot,UNC,1.5174138813229918,1.5475717642528994,1.5749233664778322,7.0529092795501835
791,Harrison Ingram,UNC,1.161787392172091,1.1389781084479642,1.1631209116911654,5.986915893002722
792,Cormac Ryan,UNC,1.022007518900368,0.982230064517465,0.9591514132382424,5.505070192867045
793,Elliot Cadeau,UNC,0.24200707388166018,0.2497250946548397,0.2417541368363737,3.611424676890983
794,Seth Trimble,UNC,-0.22270038624547983,-0.19549057515132526,-0.17651821655917657,2.4921157939873084
795,Jae'lyn Withers,UNC,-0.3597609389182924,-0.3760238399564547,-0.37096604217707757,1.998003179761044
796,Jalen Washington,UNC,-0.4399184368543478,-0.4366333543416971,-0.4084363185213341,1.7979245865348117
797,Paxson Wojcik,UNC,-0.8911065997241043,-0.9267104230054873,-0.8488047794815826,0.5962156770137232
798,Rob Landry,UNC,-0.977056202150173,-0.9532666460533807,-0.9812550191235058,0.38037482930270183
799,James Okonkwo,UNC,-1.0011309008288087,-0.9765558194489012,-0.9904777932359046,0.2802104401109018
800,Zayden High,UNC,-0.9644764401735857,-0.9714198597855093,-1.0310270098842895,0.26370950286285577
801,Duwe Farris,UNC,-1.0866656067600375,-1.0773599734899924,-1.0694284104061011,-0.025013531058037497
802,Creighton Lebo,UNC,-1.1028584037218503,-1.1425458179142578,-1.1286495524239457,-0.15431753118249292
803,Yaxel Lendeborg,UAB,1.3948931538837674,1.4032020970155266,1.4417790201891207,6.741768936113082
804,Eric Gaines,UAB,1.1646727229275253,1.1609288259005497,1.1624659985962416,6.042531082026314
805,Efrem Johnson,UAB,0.9902546612753854,0.9358070135321608,0.9484678750193318,5.520581193808447
806,Alejandro Vasquez,UAB,0.9145146984814716,0.902084251722574,0.921439169374842,5.359300410798021
807,Javian Davis,UAB,0.5063100032758943,0.526844344947948,0.499844225177278,4.30672161969031
808,Christian Coleman,UAB,0.32963004103881927,0.30204822748546983,0.2849317092692205,3.6902336635731956
809,Daniel Ortiz,UAB,0.06584422067824597,0.11423870443630214,0.11922490329787862,3.2508076023933405
810,Tony Toney,UAB,-0.2876951029770784,-0.24697440608290175,-0.31720337635760154,2.1078199286616197
811,James White,UAB,-0.5258984471586018,-0.4926208562004077,-0.49899016563601517,1.5745624890745515
812,KJ Satterfield,UAB,-0.5861201846513072,-0.59251024187679,-0.5855092709615821,1.3866600574274877
813,Barry Dunning,UAB,-0.942594046599436,-0.9097153999503104,-0.9133959939931873,0.48710134911209657
814,Will Shaver,UAB,-0.9820198518313704,-0.9031002897752812,-0.9771561846952179,0.4418948512119498
815,Jon Coleman,UAB,-1.1728564435462294,-1.164402547006754,-1.11533656943843,-0.1029619699703499
816,Ryan Donohoo,UAB,-1.1148775403810511,-1.1421250417404751,-1.113831768385305,-0.22127793864521683
817,Kyle Filipowski,Duke,1.9811575287209604,1.949222044094812,1.9523731286415156,8.236639747982434
818,Jared McCain,Duke,1.46790379024401,1.4661489037181472,1.4851190802454195,6.786999198199484
819,Jeremy Roach,Duke,1.47106158051593,1.4746356458576384,1.4920637895449553,6.878511419151822
820,Mark Mitchell,Duke,1.1147448105391704,1.1129055171320663,1.0928668954373717,5.926255241213788
821,Tyrese Proctor,Duke,0.8994136716296337,0.9291449147235386,0.9112638515862493,5.338717969815701
822,Caleb Foster,Duke,0.31758512252988225,0.3341246689637186,0.3014012029744305,3.8365893531016955
823,Ryan Young,Duke,-0.6536651382203152,-0.6585106769993225,-0.6639542936081024,1.2795372945503636
824,Sean Stewart,Duke,-0.622673935877748,-0.6257121386129015,-0.6711502108573785,1.2342033359585525
825,TJ Power,Duke,-0.7483834288749363,-0.7407815031887433,-0.7071913899405837,1.0116826873573435
826,Jaylen Blakes,Duke,-0.7851144835612822,-0.7455209264809997,-0.7655690645530607,0.7636694874852052
827,Christian Reeves,Duke,-0.8707255809481949,-0.8257912824031588,-0.8227395711159158,0.69532358727324
828,Spencer Hubbard,Duke,-1.0778765429778077,-1.0720523109302051,-1.0300091570846575,0.17761962074098303
829,Neal Begovich,Duke,-1.0885670176775104,-1.0778097049199868,-1.0677614977676055,0.012182537988554287
830,Braeden Smith,Colgate,1.2072312811740908,1.2061563819547723,1.243403650299262,6.263067122433057
831,Keegan Records,Colgate,0.9443857463900936,0.9505363669287724,0.9127299017228325,5.418438472662984
832,Ryan Moffatt,Colgate,0.7968498081442359,0.8304187237830988,0.8385149788756016,5.134690393341911
833,Brady Cummins,Colgate,0.22969521514104144,0.21829439709430778,0.20485264012497287,3.524642508468777
834,Jeff Woodward,Colgate,0.18171009077777517,0.15672663426968594,0.17202171811750988,3.4197657053293407
835,Nicolas Louis-Jacques,Colgate,0.13214777044254292,0.10815909181758786,0.08495287673186949,3.237879909890667
836,Chandler Baker,Colgate,-0.19691920316415382,-0.16165417948164512,-0.14886800683466742,2.3239231279387087
837,Jalen Cox,Colgate,-0.2862646892036894,-0.2911447093061093,-0.2980270983744406,2.1492000815482535
838,Sam Thomson,Colgate,-0.26789597639548135,-0.3260115960306124,-0.3203827418015185,2.013274080739596
839,Parker Jones,Colgate,-0.3688109603119425,-0.36802808159162137,-0.3770981609215588,1.9581594315983617
840,Sam Wright,Colgate,-0.7027308208939961,-0.6453526719863434,-0.6420473631468696,1.1833860830275045
841,Kyle Carlesimo,Colgate,-0.8434808218845623,-0.7879811992907871,-0.8426460459393398,0.6516602506703464
842,Julian Scott,Colgate,-0.9648013190836434,-0.9405330213465198,-0.9767754827819358,0.46864552870159626
843,Cooper Wright,Colgate,-1.0583765906426803,-1.0256212927303665,-1.0528934880553333,0.17773720882170307
844,Alex Capitano,Colgate,-1.1479100491351162,-1.1627857429839585,-1.1466214669078845,-0.06636004355204328
845,Boo Buie,Northwestern,2.408186686894614,2.4118995798726437,2.418444556899139,9.426553768482112
846,Brooks Barnhizer,Northwestern,1.6293790586957508,1.6088299306010547,1.623279776494885,7.343770465749452
847,Ryan Langborg,Northwestern,1.2322732710208295,1.246606195038324,1.2485672212600085,6.314003029330632
848,Ty Berry,Northwestern,1.0390485787317738,1.0194751372255009,1.069394131223263,5.694907494078848
849,Nick Martinelli,Northwestern,0.49236026225983653,0.5042820103597428,0.4860768531640907,4.306468826997328
850,Matthew Nicholson,Northwestern,-0.15410844706697832,-0.11347972399982535,-0.15579038352528268,2.515441143064542
851,Luke Hunger,Northwestern,-0.4553298196384394,-0.43734744278601173,-0.4455187464935815,1.724758936075843
852,Blake Smith,Northwestern,-0.7409145430789402,-0.7253190441912674,-0.7503702540804004,1.1662405329566066
853,Blake Preston,Northwestern,-0.7537315393783695,-0.7675132372573785,-0.7839190904880481,0.8415424587574312
854,Justin Mullins,Northwestern,-1.0837903559659265,-1.1233345870435536,-1.0809720625285146,0.07714892889565572
855,Jordan Clayton,Northwestern,-1.1155104462598484,-1.07664111203568,-1.1287334603723869,-0.00653346077659922
856,Gus Hurlburt,Northwestern,-1.1218847739026858,-1.126602843608999,-1.1084413255900725,-0.10491194471259169
857,Melvin Council Jr.,Wagner,1.7402201190246194,1.737724391520257,1.7133683089326066,7.470741039661821
858,Tahron Allen,Wagner,0.8323549371124969,0.8468259661924996,0.8456550029334977,5.2316518926702535
859,Julian Brown,Wagner,0.7446786725319428,0.7774770506702336,0.7357982176348591,4.929128658161284
860,Zaire Williams,Wagner,0.6244031513204302,0.590636794260567,0.6071105353986191,4.443470904486743
861,Rahmir Moore,Wagner,0.5355915061263927,0.5212711672907635,0.543986209780055,4.268160294533825
862,Javier Ezquerra,Wagner,0.22471563383487747,0.23947231756532394,0.2015839796477469,3.518075694526632
863,Keyontae Lewis,Wagner,0.1893116115283734,0.1508286574960912,0.10284705086596117,3.3458347932831773
864,Tyje Kelton,Wagner,-0.028048952739148446,-0.025992840858737726,-0.04837781473826673,2.8316002679878793
865,Rob Taylor II,Wagner,-0.16033142618318474,-0.131389771870616,-0.1826866816663488,2.4024158523893773
866,Di'Andre Howell-South,Wagner,-0.3318908573189672,-0.3823215101339493,-0.36339247749957754,1.8696088060684124
867,Seck Zongo,Wagner,-0.4985055775201739,-0.5041057446693763,-0.4993368655837719,1.5028285881446053
868,Damien Mazil,Wagner,-0.9629188934092137,-0.9551070451130396,-0.9496624098230817,0.3661724312898267
869,Kameron Jones,Marquette,2.0913262147962315,2.054319387689175,2.040143367068634,8.491306928864116
870,Tyler Kolek,Marquette,1.7317942060486768,1.747750138245129,1.7392182072922002,7.50178162970947
871,Oso Ighodaro,Marquette,1.3521091809956285,1.4005661528047235,1.3523795954916746,6.659517766841908
872,David Joplin,Marquette,0.9210418747237211,0.949445379998346,0.9263384285219757,5.30823970352462
873,Stevie Mitchell,Marquette,0.5158807074894423,0.48046569641763587,0.5071691916960241,4.294890350438736
874,Chase Ross,Marquette,0.10758680050714234,0.040192841458324934,0.04043128272190071,2.9822925461853718
875,Sean Jones,Marquette,-0.05557643425431521,-0.06167391573738085,-0.026727931849968013,2.7111692541646177
876,Ben Gold,Marquette,-0.2075001455261401,-0.20212803014537906,-0.18984097887842427,2.4672280481977324
877,Tre Norman,Marquette,-0.8117183352654773,-0.7936905758032874,-0.7562783109448907,0.9076596891260227
878,Zaide Lowery,Marquette,-0.8703657145578415,-0.8121643620558852,-0.8182699445592672,0.8005262231767376
879,Al Amadou,Marquette,-0.9611066480443087,-0.8851636540510853,-0.9403869039240152,0.43878040935547924
880,Jonah Lucas,Marquette,-1.0739409205968966,-1.086332008309672,-1.0457028190432844,0.03789965759052194
881,Cameron Brown,Marquette,-1.0911370236535576,-1.1181451817753383,-1.1098884665672486,0.023024361526213344
882,Casey O'Malley,Marquette,-1.1228369119930754,-1.1423998520304741,-1.1622022455276209,-0.06914809254310494
883,Jack Riley,Marquette,-1.1908113041538224,-1.1519450690896595,-1.1625209457848904,-0.10604427269079908
884,Don McHenry,Western Kentucky,1.7015902157238518,1.718281236727069,1.7180457657063635,7.4954689837941535
885,Brandon Newman,Western Kentucky,0.7483750147966539,0.7648259879132213,0.7602048411691934,4.975170732646372
886,Rodney Howard,Western Kentucky,0.7177960725983887,0.7146333650597015,0.6791644262978642,4.977973686097041
887,Khristian Lander,Western Kentucky,0.4989059144627029,0.5744487657424887,0.5593439267557421,4.546206695518883
888,Tyrone Marshall,Western Kentucky,0.5492176762502412,0.5124546755442092,0.51552026596078,4.357248982047614
889,Dontaie Allen,Western Kentucky,0.3982756105294493,0.3888381775334689,0.3723027150972633,4.087291707244405
890,Babacar Faye,Western Kentucky,0.25635080093649987,0.21813456396286646,0.2773262660635378,3.759750502968559
891,Enoch Kalambay,Western Kentucky,0.054568991597340966,0.06987485774574233,0.04778397965587611,2.9550514604669926
892,Teagan Moore,Western Kentucky,-0.020230154259165366,0.03006512214567348,0.01849885081050799,2.9675000624261343
893,Jalen Jackson,Western Kentucky,-0.3571485239833235,-0.30758875332206853,-0.343388458174147,2.098353704043279
894,Jaylen Dorsey,Western Kentucky,-0.8753621734983513,-0.9264317084672634,-0.9488878500561474,0.30971246104601224
895,Fallou Diagne,Western Kentucky,-0.9344827222573885,-0.9415203167751283,-0.8972532257566627,0.2682701860571788
896,Jack Edelen,Western Kentucky,-0.9412056004498963,-0.9664114844008214,-0.9642452316139791,0.3254759534603422
897,Tyler Olden,Western Kentucky,-1.0033396039762976,-0.968073965774685,-1.0028616683231601,0.18829130984681086
898,BJ Marable,Western Kentucky,-1.048896812140634,-1.0273884966657645,-1.050339162130977,0.24601452973083626
